employee_id,first_name,last_name,email,hire_date,job_id,salary
1001,Dannel,Woodward,dwoodward0@prnewswire.com,13-03-2021,Recruiting,61613.84
1002,Sandro,Varne,svarne1@sourceforge.net,09-11-2020,Software T,79616.74
1003,Ilka,Thredder,ithredder2@clickbank.net,04-12-2020,Engineer I,64508.25
1004,Armin,Townsend,atownsend3@privacy.gov.au,17-11-2020,GIS Techni,73680.5
1005,Sinclair,Stawell,sstawell4@home.pl,07-08-2021,Sales Asso,43792.96
1006,Maren,Duchart,mduchart5@opera.com,07-05-2021,Tax Accoun,40724.17
1007,Marguerite,Theobald,mtheobald6@techcrunch.com,30-04-2021,Human Reso,93872.43
1008,Gaby,Joannet,gjoannet7@blogger.com,15-05-2021,Civil Engi,70866.25
1009,Portie,Tankus,ptankus8@creativecommons.org,12-04-2021,Recruiter,60363.56
1010,Carolyn,Roscow,croscow9@netvibes.com,08-05-2021,Librarian,76272.65
1011,Florenza,Hexam,fhexama@prlog.org,25-12-2020,Desktop Su,40636.13
1012,Malcolm,Wheaton,mwheatonb@gravatar.com,05-11-2020,Community ,81123.49
1013,Elka,Luker,elukerc@virginia.edu,07-08-2021,Geological,64776.49
1014,Humfrid,Cootes,hcootesd@clickbank.net,09-02-2021,Food Chemi,44523.08
1015,Joelynn,Lodin,jlodine@imdb.com,08-11-2020,Environmen,82563.03
1016,Doralynne,Lammiman,dlammimanf@about.com,15-06-2021,Health Coa,80966.76
1017,Kris,Bayns,kbaynsg@plala.or.jp,17-03-2021,Data Coord,72746.09
1018,Eve,Andreu,eandreuh@dropbox.com,25-08-2021,Physical T,60224.79
1019,Rafi,Twinn,rtwinni@usnews.com,04-11-2020,Safety Tec,40491.04
1020,Desmund,Ferber,dferberj@devhub.com,28-09-2021,Dental Hyg,94139.78
1021,Thornie,Kerbey,tkerbeyk@digg.com,13-02-2021,Civil Engi,46050.53
1022,Shayla,Pusey,spuseyl@home.pl,22-11-2020,Recruiter,84429.73
1023,Tabitha,Dodson,tdodsonm@tinypic.com,14-07-2021,Graphic De,80982.95
1024,Emory,Linster,elinstern@stanford.edu,15-07-2021,Account Re,73503.83
1025,Pietrek,Barnson,pbarnsono@deliciousdays.com,06-02-2021,Account Co,58262.51
1026,Abran,Sherebrooke,asherebrookep@cornell.edu,15-09-2021,Chief Desi,48283.68
1027,Gaby,Bowles,gbowlesq@cisco.com,08-07-2021,Web Develo,86653.05
1028,Minta,Robbie,mrobbier@posterous.com,25-08-2021,Environmen,57716.47
1029,Solly,McInnery,smcinnerys@berkeley.edu,30-01-2021,Environmen,85360.11
1030,Ruprecht,Brugemann,rbrugemannt@huffingtonpost.com,04-03-2021,Design Eng,89492.09
1031,Shelli,Vowels,svowelsu@tripod.com,27-06-2021,Legal Assi,70320.14
1032,Alyssa,Fortnum,afortnumv@yale.edu,03-05-2021,Desktop Su,88221.41
1033,Hunter,Flieger,hfliegerw@cnbc.com,28-11-2020,GIS Techni,89952.87
1034,Julietta,Seawell,jseawellx@ca.gov,15-01-2021,Human Reso,64358.59
1035,Dorree,Hryncewicz,dhryncewiczy@comsenz.com,29-10-2020,Senior Sal,61889.25
1036,Keane,Scanterbury,kscanterburyz@techcrunch.com,10-09-2021,Paralegal,98089.11
1037,Christina,Worrill,cworrill10@umn.edu,26-02-2021,Informatio,79755.7
1038,Esta,Tanser,etanser11@state.gov,10-11-2020,Professor,50606.47
1039,Goldy,Whitehead,gwhitehead12@hao123.com,21-05-2021,Technical ,70944.94
1040,Kennith,Given,kgiven13@google.es,05-11-2020,Librarian,89903.98
1041,Jdavie,Ranald,jranald14@ameblo.jp,25-06-2021,Clinical S,70110.4
1042,Isidor,Matschek,imatschek15@irs.gov,20-05-2021,Pharmacist,41021.85
1043,Cloe,Pixton,cpixton16@slashdot.org,03-03-2021,Director o,63998.88
1044,Cicely,McGaw,cmcgaw17@businessweek.com,10-02-2021,Chemical E,42191.35
1045,Eduard,Lewens,elewens18@usatoday.com,07-08-2021,Product En,87941.04
1046,Susana,Darch,sdarch19@telegraph.co.uk,22-06-2021,Geologist ,85595.15
1047,Halli,Worboys,hworboys1a@reverbnation.com,16-04-2021,Junior Exe,54452.98
1048,Dorisa,O'Dempsey,dodempsey1b@opera.com,08-05-2021,Financial ,77741.75
1049,Alexei,Bickell,abickell1c@ft.com,10-10-2021,Environmen,72302.23
1050,Waldo,Gipp,wgipp1d@google.it,15-09-2021,Chemical E,87813.96
1051,Cheslie,Goacher,cgoacher1e@friendfeed.com,04-05-2021,VP Account,91083.69
1052,Kass,Bunner,kbunner1f@acquirethisname.com,13-09-2021,Analyst Pr,78621.48
1053,Guenna,Cromleholme,gcromleholme1g@amazonaws.com,24-11-2020,Pharmacist,77438.69
1054,Nada,Shottin,nshottin1h@artisteer.com,06-07-2021,Programmer,42207.0
1055,Thaxter,Humpatch,thumpatch1i@instagram.com,06-11-2020,Environmen,49730.29
1056,Guinevere,Weich,gweich1j@cloudflare.com,31-08-2021,Registered,58466.98
1057,Donnajean,Tenpenny,dtenpenny1k@earthlink.net,11-05-2021,Help Desk ,81165.52
1058,Rosalie,Langan,rlangan1l@jiathis.com,23-10-2020,Structural,52263.15
1059,Lennard,Avison,lavison1m@eventbrite.com,05-05-2021,Geological,77562.79
1060,Hanson,Seakes,hseakes1n@constantcontact.com,17-11-2020,Pharmacist,57824.11
1061,Rupert,Boon,rboon1o@indiatimes.com,12-12-2020,Graphic De,93232.15
1062,Aylmar,Hawgood,ahawgood1p@edublogs.org,05-09-2021,Desktop Su,69412.13
1063,Rachele,Rebanks,rrebanks1q@twitpic.com,30-01-2021,Executive ,48566.47
1064,Buddie,Smithson,bsmithson1r@sourceforge.net,11-07-2021,VP Product,76433.68
1065,Mattie,Say,msay1s@google.it,25-07-2021,Assistant ,86625.68
1066,Tedi,Paradyce,tparadyce1t@geocities.jp,25-11-2020,Recruiter,50416.39
1067,Derby,Singers,dsingers1u@wufoo.com,02-11-2020,Geological,97493.56
1068,Alyssa,Curbishley,acurbishley1v@washingtonpost.com,03-12-2020,Actuary,94312.29
1069,Bobby,Langland,blangland1w@chron.com,06-02-2021,Community ,49468.0
1070,Jacinda,McCulley,jmcculley1x@t-online.de,18-11-2020,Account Re,80364.35
1071,Arri,Doers,adoers1y@java.com,03-10-2021,Financial ,73710.82
1072,Koral,Dufty,kdufty1z@webmd.com,11-03-2021,Legal Assi,69837.95
1073,Nalani,Locks,nlocks20@utexas.edu,04-12-2020,Staff Scie,57357.29
1074,Susi,Clee,sclee21@amazonaws.com,20-06-2021,Help Desk ,54694.8
1075,Sinclair,Cinderey,scinderey22@ibm.com,15-01-2021,Marketing ,51290.08
1076,Marice,Casa,mcasa23@youtube.com,02-04-2021,Data Coord,82877.83
1077,Roxanna,Avard,ravard24@washingtonpost.com,12-02-2021,Desktop Su,44123.92
1078,Lyon,Belvard,lbelvard25@bravesites.com,31-10-2020,Senior Sal,74732.97
1079,Humfrey,Danhel,hdanhel26@nasa.gov,28-08-2021,Occupation,63057.04
1080,Vanya,Wearn,vwearn27@sbwire.com,11-11-2020,Quality Co,98416.46
1081,Jo,McIlory,jmcilory28@google.com.hk,04-02-2021,Help Desk ,83773.67
1082,Thain,Willmot,twillmot29@yandex.ru,26-01-2021,Assistant ,56577.76
1083,Cicely,Croux,ccroux2a@theguardian.com,03-08-2021,Geological,71208.98
1084,Sammie,Londesborough,slondesborough2b@mashable.com,02-10-2021,Marketing ,71956.65
1085,Geoffry,Impy,gimpy2c@amazon.co.uk,15-02-2021,Budget/Acc,90377.99
1086,Gallagher,Shelley,gshelley2d@va.gov,22-05-2021,Occupation,42168.85
1087,Rurik,Ditch,rditch2e@surveymonkey.com,11-10-2021,Geologist ,56671.89
1088,Alys,Stonestreet,astonestreet2f@dedecms.com,26-10-2020,Accounting,78788.65
1089,Perceval,Sidery,psidery2g@histats.com,14-08-2021,Web Develo,94209.94
1090,Charlene,Sitford,csitford2h@homestead.com,02-11-2020,Associate ,77300.32
1091,Coralyn,Urquhart,curquhart2i@rediff.com,26-07-2021,Accounting,57920.84
1092,Dame,Scarffe,dscarffe2j@meetup.com,11-04-2021,Sales Repr,82626.72
1093,Egor,Conkie,econkie2k@guardian.co.uk,15-08-2021,Nurse,52352.12
1094,Hollie,Schulter,hschulter2l@go.com,06-05-2021,Senior Cos,45780.43
1095,Garek,Radband,gradband2m@amazon.com,20-01-2021,Senior Cos,74251.57
1096,Lu,Hembrow,lhembrow2n@ucla.edu,29-08-2021,Director o,42862.06
1097,Gleda,Treffry,gtreffry2o@google.fr,20-02-2021,Account Co,87140.71
1098,Belva,Rablan,brablan2p@skype.com,25-09-2021,Food Chemi,76738.25
1099,Josi,Karlsen,jkarlsen2q@aol.com,07-07-2021,Help Desk ,91719.44
1100,Joya,Bushel,jbushel2r@de.vu,25-09-2021,Food Chemi,41432.49
1101,Billie,Duckitt,bduckitt2s@aol.com,07-03-2021,Senior Dev,80998.34
1102,Miles,McCord,mmccord2t@theguardian.com,11-07-2021,Research A,59349.28
1103,Armando,O'Crevy,aocrevy2u@va.gov,12-09-2021,Human Reso,88863.47
1104,Gerick,O'Dreain,godreain2v@themeforest.net,28-07-2021,Research A,67287.52
1105,Urbanus,Yurlov,uyurlov2w@spotify.com,23-04-2021,Technical ,81518.84
1106,Paulie,Clemerson,pclemerson2x@topsy.com,31-12-2020,Safety Tec,62819.42
1107,Chaunce,Jorden,cjorden2y@epa.gov,25-11-2020,Automation,97598.69
1108,Deidre,Shrimpling,dshrimpling2z@goo.ne.jp,31-03-2021,Quality Co,42585.2
1109,Kittie,Coit,kcoit30@desdev.cn,21-12-2020,Geological,48045.67
1110,Torey,Daymond,tdaymond31@weather.com,25-08-2021,Internal A,81695.61
1111,Marney,Vondrasek,mvondrasek32@deliciousdays.com,04-11-2020,Administra,64325.32
1112,Estel,Sollime,esollime33@ebay.com,06-04-2021,Executive ,45050.49
1113,Freeman,Habercham,fhabercham34@guardian.co.uk,28-03-2021,Software E,59228.17
1114,Kacey,Linden,klinden35@go.com,05-09-2021,Environmen,82792.72
1115,Morley,Boyes,mboyes36@ft.com,28-10-2020,Senior Sal,66369.8
1116,Audi,Whitbread,awhitbread37@symantec.com,15-01-2021,Structural,43368.11
1117,Krispin,D'Hooghe,kdhooghe38@hostgator.com,07-04-2021,Assistant ,48470.39
1118,Nonnah,Sherwill,nsherwill39@amazon.co.uk,08-12-2020,Administra,72836.36
1119,Cecilius,Shillan,cshillan3a@yahoo.com,18-12-2020,Software T,70530.12
1120,Drona,Castelot,dcastelot3b@europa.eu,16-04-2021,Tax Accoun,96532.37
1121,Florrie,Debell,fdebell3c@goodreads.com,17-08-2021,Environmen,64189.4
1122,Jaymie,Easton,jeaston3d@ucsd.edu,21-05-2021,Help Desk ,98481.28
1123,Bay,O'Dunniom,bodunniom3e@hc360.com,09-11-2020,Design Eng,40134.17
1124,Somerset,Esposi,sesposi3f@51.la,15-03-2021,Environmen,65315.4
1125,Gualterio,Sadat,gsadat3g@seesaa.net,09-09-2021,Senior Cos,48551.36
1126,Marya,Stiegers,mstiegers3h@istockphoto.com,21-09-2021,Research N,79381.34
1127,Lorita,Fronks,lfronks3i@soundcloud.com,17-01-2021,Senior Dev,79324.97
1128,Jasmina,Impson,jimpson3j@alexa.com,11-09-2021,Staff Acco,49079.13
1129,Holly,Blasiak,hblasiak3k@sourceforge.net,09-11-2020,Programmer,83206.25
1130,Delano,Silly,dsilly3l@shop-pro.jp,21-10-2020,Compensati,78404.56
1131,Lindy,Salvadori,lsalvadori3m@yale.edu,07-11-2020,Research A,90318.73
1132,Nathanial,Ick,nick3n@hp.com,08-11-2020,Business S,51870.25
1133,Luise,Garoghan,lgaroghan3o@samsung.com,12-07-2021,Sales Repr,99583.32
1134,Hildy,Mouat,hmouat3p@webs.com,29-03-2021,Product En,93639.19
1135,Brittaney,Walkington,bwalkington3q@un.org,07-06-2021,Marketing ,50947.29
1136,Angelia,McOrkill,amcorkill3r@tinypic.com,22-09-2021,Data Coord,93344.36
1137,Stanleigh,Foard,sfoard3s@berkeley.edu,06-08-2021,Environmen,90129.03
1138,Vance,Bolles,vbolles3t@etsy.com,31-10-2020,Web Design,74145.22
1139,Roger,Moy,rmoy3u@mit.edu,06-02-2021,Structural,95879.26
1140,Sabina,Prichet,sprichet3v@e-recht24.de,21-03-2021,Actuary,47623.63
1141,Ilka,Balch,ibalch3w@oakley.com,13-04-2021,Environmen,47024.14
1142,Nikola,MacDwyer,nmacdwyer3x@google.ru,16-09-2021,Project Ma,88678.75
1143,Gill,Garvan,ggarvan3y@hao123.com,10-05-2021,Legal Assi,78903.36
1144,Hans,Corney,hcorney3z@tripod.com,11-06-2021,Safety Tec,76528.43
1145,Jaquenetta,Fernely,jfernely40@phoca.cz,09-11-2020,Occupation,86541.57
1146,Reinhard,Garlee,rgarlee41@wired.com,01-09-2021,Director o,92678.82
1147,Lisa,Oakenfall,loakenfall42@mozilla.org,18-10-2021,Recruiting,80666.36
1148,Nissie,Reyne,nreyne43@jigsy.com,15-03-2021,Editor,44584.2
1149,Kalila,Mardlin,kmardlin44@ed.gov,19-02-2021,Administra,97055.14
1150,Torre,Lyal,tlyal45@cnet.com,22-04-2021,Speech Pat,78165.69
1151,Hadleigh,Gabey,hgabey46@fotki.com,08-01-2021,Recruiter,72770.62
1152,Harriett,Valdes,hvaldes47@unc.edu,24-10-2020,Software T,54498.37
1153,Jodi,Ludlam,jludlam48@reverbnation.com,09-02-2021,Structural,56469.66
1154,Wilt,Peirce,wpeirce49@behance.net,26-07-2021,Human Reso,40225.74
1155,Lek,McGeouch,lmcgeouch4a@a8.net,10-01-2021,Registered,74960.5
1156,Larisa,Emmer,lemmer4b@bing.com,09-02-2021,Accountant,90203.62
1157,Denny,Tames,dtames4c@forbes.com,18-06-2021,Legal Assi,53275.39
1158,Andrei,Cuffin,acuffin4d@digg.com,10-06-2021,Editor,64560.38
1159,Brandy,Fardon,bfardon4e@wordpress.org,01-02-2021,Office Ass,51447.88
1160,Tabbi,Da Costa,tdacosta4f@loc.gov,13-07-2021,Analyst Pr,58452.4
1161,Lilyan,Peret,lperet4g@yolasite.com,27-12-2020,Structural,60628.8
1162,Maitilde,Dibbert,mdibbert4h@blinklist.com,24-03-2021,Statistici,69730.27
1163,Eugenio,Elger,eelger4i@freewebs.com,15-01-2021,Community ,76613.2
1164,Odie,Harbach,oharbach4j@over-blog.com,21-09-2021,Accounting,48501.73
1165,Hort,Whightman,hwhightman4k@tiny.cc,18-08-2021,Data Coord,52275.26
1166,Agnella,Goulter,agoulter4l@unicef.org,01-02-2021,Recruiter,47420.4
1167,Giavani,Giraudat,ggiraudat4m@fema.gov,24-08-2021,Automation,56304.23
1168,Freddy,Benbough,fbenbough4n@uiuc.edu,19-12-2020,Legal Assi,96591.67
1169,Keri,Sturdy,ksturdy4o@wordpress.com,11-02-2021,Social Wor,48458.44
1170,Dinah,MacDonnell,dmacdonnell4p@photobucket.com,25-06-2021,Nurse Prac,50922.18
1171,Lita,Troyes,ltroyes4q@twitpic.com,20-02-2021,Chief Desi,43815.14
1172,Temp,Lenin,tlenin4r@sakura.ne.jp,19-07-2021,Human Reso,99965.99
1173,Lizzy,Surmeyers,lsurmeyers4s@rambler.ru,21-10-2020,Internal A,54752.98
1174,Brunhilde,Barme,bbarme4t@slideshare.net,15-04-2021,Professor,97201.04
1175,Aldus,Tamas,atamas4u@free.fr,14-01-2021,Staff Scie,87866.99
1176,Meaghan,Midford,mmidford4v@google.ca,16-10-2021,Structural,42761.86
1177,Stinky,Trinkwon,strinkwon4w@toplist.cz,17-12-2020,Recruiter,79920.13
1178,Enrica,Mountain,emountain4x@latimes.com,03-09-2021,Environmen,79209.45
1179,Isabella,Levensky,ilevensky4y@utexas.edu,18-06-2021,Environmen,43042.67
1180,Christophorus,Bontoft,cbontoft4z@home.pl,22-02-2021,Marketing ,91486.31
1181,Linnie,Jiras,ljiras50@weebly.com,31-05-2021,Human Reso,72090.55
1182,Karalee,Gaywood,kgaywood51@taobao.com,21-11-2020,VP Product,51658.25
1183,Jasen,Munkley,jmunkley52@webnode.com,12-01-2021,Marketing ,96109.15
1184,Carolee,Ivan,civan53@wix.com,18-02-2021,Associate ,40996.63
1185,Rowena,Burney,rburney54@technorati.com,20-06-2021,Junior Exe,63725.89
1186,Dill,Pedlow,dpedlow55@shop-pro.jp,13-10-2021,Actuary,58718.53
1187,Farr,Gorce,fgorce56@multiply.com,11-03-2021,Quality Co,41869.75
1188,Ab,Proppers,aproppers57@nih.gov,26-05-2021,Legal Assi,85873.32
1189,Gustie,Domm,gdomm58@google.com,01-03-2021,Account Re,60466.0
1190,Thayne,Arnely,tarnely59@nsw.gov.au,11-12-2020,Account Ex,48126.71
1191,Netta,Lilburn,nlilburn5a@unesco.org,12-04-2021,Business S,69032.82
1192,Kati,Swidenbank,kswidenbank5b@netlog.com,26-06-2021,Teacher,91833.59
1193,Angelico,Mogford,amogford5c@msu.edu,30-11-2020,Financial ,58569.07
1194,Hill,Lightwing,hlightwing5d@cafepress.com,19-12-2020,Nuclear Po,95506.2
1195,Dell,Sparkwill,dsparkwill5e@ameblo.jp,28-01-2021,Dental Hyg,70308.57
1196,Mar,Carlisle,mcarlisle5f@youku.com,25-09-2021,Informatio,94310.1
1197,Aurel,Draye,adraye5g@admin.ch,29-09-2021,Technical ,65896.57
1198,Charlean,Bodman,cbodman5h@homestead.com,27-12-2020,Senior Dev,56773.38
1199,Matilda,Skirling,mskirling5i@homestead.com,20-04-2021,Graphic De,87741.41
1200,Humberto,Dobbins,hdobbins5j@livejournal.com,07-05-2021,Graphic De,61922.12
1201,Berrie,Drewes,bdrewes5k@thetimes.co.uk,11-05-2021,Associate ,74273.08
1202,Janessa,Paff,jpaff5l@g.co,06-11-2020,Project Ma,83803.68
1203,Franzen,Ions,fions5m@youtube.com,20-06-2021,Cost Accou,42172.04
1204,Livia,Clashe,lclashe5n@jalbum.net,11-11-2020,Executive ,50473.67
1205,Timoteo,Marston,tmarston5o@usnews.com,08-03-2021,Accounting,81140.03
1206,Chantal,Kmiec,ckmiec5p@unc.edu,17-02-2021,Chief Desi,45746.16
1207,Preston,Thibodeaux,pthibodeaux5q@a8.net,08-10-2021,Associate ,64696.09
1208,Pauletta,Rubin,prubin5r@reddit.com,23-06-2021,Marketing ,99994.2
1209,Blaire,Kas,bkas5s@cafepress.com,17-01-2021,Executive ,60242.07
1210,Linoel,Carstairs,lcarstairs5t@cdbaby.com,10-05-2021,VP Account,73819.34
1211,Cart,Stanway,cstanway5u@vimeo.com,17-01-2021,Chief Desi,93042.71
1212,Claiborn,Gary,cgary5v@slate.com,04-07-2021,Senior Fin,56775.11
1213,Marcello,Deem,mdeem5w@quantcast.com,27-11-2020,Developer ,69606.9
1214,Cissiee,Hawney,chawney5x@facebook.com,23-06-2021,Chemical E,53156.72
1215,Erna,Reditt,ereditt5y@printfriendly.com,14-10-2021,Civil Engi,41704.8
1216,Ibbie,Sabattier,isabattier5z@economist.com,24-11-2020,Community ,50732.44
1217,Cynde,Hess,chess60@dyndns.org,07-10-2021,Environmen,61216.83
1218,Margi,Ten Broek,mtenbroek61@reference.com,08-12-2020,Office Ass,44113.13
1219,Sidonia,Fickling,sfickling62@harvard.edu,05-06-2021,Accounting,56764.58
1220,Mara,Featley,mfeatley63@intel.com,18-08-2021,Help Desk ,76954.61
1221,Stanfield,Bellingham,sbellingham64@usgs.gov,09-03-2021,VP Quality,91494.74
1222,Dayna,Blomfield,dblomfield65@studiopress.com,04-06-2021,Environmen,67107.2
1223,Silva,Trundle,strundle66@squidoo.com,04-12-2020,Environmen,79628.12
1224,Darnall,De Meis,ddemeis67@npr.org,04-12-2020,Staff Scie,80312.24
1225,Stanwood,Corter,scorter68@wisc.edu,06-10-2021,Assistant ,92311.83
1226,Upton,Flintoff,uflintoff69@scribd.com,20-02-2021,Environmen,73993.36
1227,Eleonore,Sheepy,esheepy6a@free.fr,31-12-2020,Librarian,58229.74
1228,Teirtza,Mumbeson,tmumbeson6b@tinypic.com,23-02-2021,Internal A,72975.53
1229,Dmitri,Shearman,dshearman6c@biblegateway.com,12-05-2021,Staff Acco,71874.26
1230,Archaimbaud,Sholem,asholem6d@yale.edu,18-03-2021,Senior Dev,51048.99
1231,Charity,Hardie,chardie6e@pbs.org,13-12-2020,Pharmacist,88043.16
1232,Calli,Highman,chighman6f@illinois.edu,21-04-2021,Analog Cir,45892.15
1233,Robby,Hardie,rhardie6g@wix.com,27-12-2020,Registered,55050.1
1234,Bekki,Tremblett,btremblett6h@addtoany.com,11-07-2021,Physical T,40562.87
1235,Bailie,Gowthorpe,bgowthorpe6i@soundcloud.com,11-09-2021,Mechanical,65768.81
1236,Dehlia,Gaymer,dgaymer6j@engadget.com,14-03-2021,Associate ,47720.0
1237,Dean,Delong,ddelong6k@stanford.edu,31-07-2021,Civil Engi,63454.22
1238,Cary,Deely,cdeely6l@squarespace.com,23-02-2021,Web Design,78643.16
1239,Enid,Crann,ecrann6m@tmall.com,20-08-2021,Accounting,84544.09
1240,Ermin,Standish-Brooks,estandishbrooks6n@unesco.org,17-09-2021,Analyst Pr,88430.0
1241,Edward,Spillane,espillane6o@washingtonpost.com,28-10-2020,Financial ,98410.97
1242,Catharine,Rennels,crennels6p@google.it,31-12-2020,Senior Qua,50317.76
1243,Honoria,Spino,hspino6q@ibm.com,23-01-2021,Nuclear Po,49109.86
1244,Sarine,Swinglehurst,sswinglehurst6r@goo.gl,06-03-2021,Actuary,52433.8
1245,Rowena,Grosvener,rgrosvener6s@themeforest.net,26-12-2020,Actuary,43840.89
1246,Hillary,Ferrick,hferrick6t@amazonaws.com,06-10-2021,Tax Accoun,95996.39
1247,Cal,Tallboy,ctallboy6u@amazon.de,30-09-2021,Tax Accoun,51835.76
1248,Ketty,Rosendahl,krosendahl6v@amazonaws.com,09-10-2021,Technical ,71693.36
1249,Barbie,Minillo,bminillo6w@cocolog-nifty.com,07-09-2021,Editor,41065.84
1250,Megen,Buckoke,mbuckoke6x@census.gov,12-11-2020,Desktop Su,53082.07
1251,Heddie,Gagin,hgagin6y@zdnet.com,07-06-2021,Senior Sal,86946.77
1252,Johnathon,Grishagin,jgrishagin6z@usgs.gov,17-09-2021,Account Ex,87108.08
1253,Wren,Kinder,wkinder70@gnu.org,05-03-2021,Environmen,50971.26
1254,Marguerite,Matej,mmatej71@noaa.gov,15-05-2021,Librarian,68947.8
1255,Janela,Gillings,jgillings72@senate.gov,05-09-2021,Occupation,53393.38
1256,Janey,Cromett,jcromett73@jigsy.com,13-06-2021,VP Product,54278.81
1257,Toiboid,Flancinbaum,tflancinbaum74@exblog.jp,22-10-2020,Quality En,62087.21
1258,Jehu,Grills,jgrills75@marriott.com,16-07-2021,VP Product,83510.82
1259,Prescott,Burnhams,pburnhams76@nasa.gov,07-05-2021,VP Account,48108.74
1260,Michaeline,Heugle,mheugle77@edublogs.org,13-09-2021,Structural,58687.63
1261,Zabrina,Skrines,zskrines78@jugem.jp,02-10-2021,Account Re,54228.88
1262,Donnamarie,Fellgett,dfellgett79@boston.com,10-02-2021,Account Ex,69023.26
1263,Cyndia,Antat,cantat7a@smh.com.au,17-10-2021,Director o,64456.32
1264,Northrop,Ingles,ningles7b@rakuten.co.jp,21-11-2020,Recruiting,62611.91
1265,Bea,Tedman,btedman7c@engadget.com,06-03-2021,Informatio,60236.0
1266,Emelen,Saberton,esaberton7d@slideshare.net,08-02-2021,Senior Cos,97635.02
1267,Carolan,Splevin,csplevin7e@weibo.com,26-01-2021,VP Marketi,80156.68
1268,Nahum,Dahlman,ndahlman7f@blogspot.com,20-07-2021,Financial ,42917.94
1269,Brannon,Aspy,baspy7g@bloomberg.com,22-09-2021,Analyst Pr,60790.64
1270,Candace,Strete,cstrete7h@stumbleupon.com,05-09-2021,Senior Dev,46444.31
1271,Florinda,Hamerton,fhamerton7i@wisc.edu,14-05-2021,Software T,90732.34
1272,Constantin,Dracksford,cdracksford7j@soundcloud.com,07-03-2021,Computer S,79892.66
1273,Cate,Worsfold,cworsfold7k@de.vu,10-11-2020,Informatio,99151.31
1274,Brnaby,Manson,bmanson7l@free.fr,31-03-2021,Senior Sal,98120.21
1275,Shalom,Maase,smaase7m@bluehost.com,01-01-2021,Accountant,89300.18
1276,Krishnah,De Cruze,kdecruze7n@adobe.com,01-03-2021,Director o,90482.6
1277,Carlynn,Boydell,cboydell7o@cbsnews.com,19-06-2021,Software T,85007.5
1278,Bradney,Prophet,bprophet7p@youtube.com,23-07-2021,Help Desk ,98272.6
1279,Remington,Norridge,rnorridge7q@drupal.org,29-06-2021,Account Ex,83543.19
1280,Solly,Haws,shaws7r@wired.com,02-03-2021,Recruiting,61859.75
1281,Bertie,O'Reilly,boreilly7s@liveinternet.ru,24-02-2021,Geologist ,81157.9
1282,Marna,Kopmann,mkopmann7t@t.co,13-01-2021,Assistant ,79729.49
1283,Inglebert,Massingberd,imassingberd7u@nih.gov,23-01-2021,Media Mana,71077.53
1284,Beverly,Kidby,bkidby7v@hexun.com,25-01-2021,VP Account,42676.93
1285,Emmery,Ranby,eranby7w@linkedin.com,15-06-2021,Senior Fin,42624.25
1286,Vivian,Balleine,vballeine7x@g.co,18-12-2020,Senior Cos,90385.46
1287,Antoine,Scadding,ascadding7y@live.com,08-02-2021,Junior Exe,66378.27
1288,Timmi,Feldman,tfeldman7z@infoseek.co.jp,28-02-2021,Programmer,62518.4
1289,Kerk,Hulles,khulles80@bbb.org,31-12-2020,Graphic De,86538.45
1290,Nels,Gurrado,ngurrado81@illinois.edu,20-06-2021,Business S,83208.03
1291,Rosemaria,Copcutt,rcopcutt82@webmd.com,20-02-2021,Professor,45498.05
1292,Fredi,Sertin,fsertin83@livejournal.com,22-12-2020,Senior Sal,57211.59
1293,Pail,Haversham,phaversham84@comcast.net,04-11-2020,Administra,64528.94
1294,Sula,Feenan,sfeenan85@amazon.co.uk,20-12-2020,Account Co,76643.0
1295,Laurence,Lowsely,llowsely86@so-net.ne.jp,01-09-2021,Internal A,67509.61
1296,Mariel,Mulcaster,mmulcaster87@naver.com,22-02-2021,Staff Scie,77562.1
1297,Haskell,Pisco,hpisco88@springer.com,21-07-2021,Assistant ,63424.9
1298,Pia,Bresland,pbresland89@free.fr,06-12-2020,Accounting,94614.29
1299,Johny,Batters,jbatters8a@yellowbook.com,10-09-2021,Quality Co,83383.62
1300,Nicole,Dollen,ndollen8b@chronoengine.com,09-09-2021,Software E,65875.65
1301,Catherine,Gillyatt,cgillyatt8c@clickbank.net,08-11-2020,Graphic De,80242.6
1302,Orlando,Klee,oklee8d@phpbb.com,18-01-2021,Operator,58739.79
1303,Wade,Myall,wmyall8e@blogger.com,01-08-2021,Junior Exe,59434.55
1304,Lionello,Wasmer,lwasmer8f@ft.com,23-02-2021,Quality En,72219.07
1305,Annelise,Cannon,acannon8g@nsw.gov.au,23-11-2020,Marketing ,96255.51
1306,Gilbertina,Meakes,gmeakes8h@yahoo.com,08-02-2021,Food Chemi,50911.38
1307,Erastus,Lamble,elamble8i@paginegialle.it,03-02-2021,Mechanical,83423.71
1308,Klemens,Limmer,klimmer8j@spiegel.de,10-02-2021,VP Account,99455.87
1309,Dona,Burnhard,dburnhard8k@squidoo.com,30-04-2021,Research N,95723.55
1310,Elicia,Fernihough,efernihough8l@state.tx.us,15-12-2020,VP Account,68121.27
1311,Vere,Petriello,vpetriello8m@hostgator.com,21-04-2021,Teacher,66967.94
1312,Vannie,Gamell,vgamell8n@acquirethisname.com,18-11-2020,Assistant ,65113.26
1313,Lizzie,Ferrolli,lferrolli8o@mapquest.com,26-04-2021,Design Eng,78341.55
1314,Allison,Yurasov,ayurasov8p@stumbleupon.com,11-01-2021,Marketing ,70489.49
1315,Ezra,Bergin,ebergin8q@sun.com,16-04-2021,Nurse,81206.32
1316,Ludovika,Boynes,lboynes8r@foxnews.com,31-08-2021,Administra,46348.43
1317,Meghan,Gleder,mgleder8s@pcworld.com,23-08-2021,Electrical,56088.58
1318,Rogers,Merioth,rmerioth8t@miibeian.gov.cn,19-04-2021,Assistant ,99344.67
1319,Erastus,Yushkov,eyushkov8u@wikipedia.org,06-06-2021,Assistant ,72464.14
1320,Lisette,Reggler,lreggler8v@webmd.com,23-02-2021,Statistici,64576.76
1321,Aaron,Gerrey,agerrey8w@sbwire.com,24-10-2020,Human Reso,54310.53
1322,Nelson,Keaveney,nkeaveney8x@independent.co.uk,05-11-2020,Help Desk ,78637.35
1323,Stafani,Butten,sbutten8y@cdbaby.com,04-07-2021,Registered,64172.76
1324,Vincenz,Bage,vbage8z@hostgator.com,25-12-2020,Office Ass,52979.31
1325,Martita,Galland,mgalland90@timesonline.co.uk,02-06-2021,VP Quality,70915.69
1326,Esme,Grutchfield,egrutchfield91@dedecms.com,14-02-2021,VP Quality,72850.43
1327,Norris,Simonard,nsimonard92@sbwire.com,06-09-2021,Actuary,64736.68
1328,Hersh,Mathely,hmathely93@businesswire.com,15-04-2021,Health Coa,89898.25
1329,Roanne,Ponder,rponder94@nba.com,06-10-2021,Assistant ,87509.95
1330,Mohandis,Faraday,mfaraday95@earthlink.net,25-10-2020,Director o,63162.91
1331,Raffarty,Pettinger,rpettinger96@wunderground.com,06-06-2021,Senior Fin,94359.26
1332,Carolyne,Sket,csket97@nydailynews.com,12-09-2021,Administra,56414.03
1333,Karisa,Raithmill,kraithmill98@accuweather.com,13-09-2021,Analog Cir,60556.44
1334,Jyoti,Tortis,jtortis99@cbslocal.com,11-03-2021,Professor,58020.84
1335,Vergil,Minithorpe,vminithorpe9a@washington.edu,07-04-2021,Legal Assi,50071.58
1336,Mohammed,Angric,mangric9b@sbwire.com,05-07-2021,Librarian,95089.81
1337,Elisabetta,Asplen,easplen9c@bloomberg.com,04-04-2021,Mechanical,60248.65
1338,Arni,Seivwright,aseivwright9d@flavors.me,03-11-2020,Account Ex,59711.3
1339,Brennan,Wace,bwace9e@sphinn.com,28-07-2021,Systems Ad,66833.36
1340,Stephie,MacAne,smacane9f@google.nl,16-01-2021,Graphic De,65298.12
1341,Marion,Ahlf,mahlf9g@hostgator.com,04-01-2021,Sales Asso,94132.56
1342,Nicol,Emmot,nemmot9h@amazonaws.com,27-01-2021,Web Design,40160.82
1343,Marice,Trevain,mtrevain9i@list-manage.com,15-02-2021,VP Marketi,92947.02
1344,Burke,Ludron,bludron9j@whitehouse.gov,25-09-2021,Food Chemi,57047.21
1345,Mechelle,Chadwyck,mchadwyck9k@hhs.gov,08-07-2021,Marketing ,55839.77
1346,Gertruda,Butland,gbutland9l@discovery.com,04-06-2021,Chief Desi,47879.21
1347,Remus,Loyley,rloyley9m@blogtalkradio.com,09-03-2021,Nurse,89078.22
1348,Hewie,Goligher,hgoligher9n@altervista.org,09-07-2021,Research N,89728.85
1349,Yancy,Gyer,ygyer9o@technorati.com,26-12-2020,Senior Fin,78534.48
1350,Yankee,Paolini,ypaolini9p@dell.com,22-07-2021,Compensati,71439.0
1351,Krista,Hankin,khankin9q@vimeo.com,08-02-2021,Senior Fin,56970.14
1352,Arlyne,Pasque,apasque9r@bbc.co.uk,24-06-2021,Analog Cir,87507.36
1353,Brear,Masham,bmasham9s@weather.com,05-07-2021,Geological,48043.47
1354,Margo,Stubbings,mstubbings9t@i2i.jp,24-05-2021,VP Sales,44752.43
1355,Bernete,Hanscombe,bhanscombe9u@oracle.com,23-10-2020,Assistant ,61320.67
1356,Brigham,Spurling,bspurling9v@timesonline.co.uk,13-01-2021,Marketing ,94882.29
1357,Burlie,Vanyard,bvanyard9w@artisteer.com,23-01-2021,Chemical E,41897.56
1358,Aylmer,Jayme,ajayme9x@tuttocitta.it,08-03-2021,Staff Acco,66742.95
1359,Valencia,Novacek,vnovacek9y@jalbum.net,23-09-2021,Actuary,75091.11
1360,Michal,Dust,mdust9z@microsoft.com,28-03-2021,Media Mana,52020.12
1361,Natale,Heijne,nheijnea0@businessinsider.com,25-02-2021,Web Develo,76261.15
1362,Grace,Lightbody,glightbodya1@foxnews.com,14-05-2021,Statistici,56245.62
1363,Chrysler,Bonifazio,cbonifazioa2@bizjournals.com,25-09-2021,Software C,47051.44
1364,Reuven,Gavin,rgavina3@columbia.edu,07-02-2021,Assistant ,98526.31
1365,Ceil,McAllester,cmcallestera4@qq.com,24-10-2020,Clinical S,91324.14
1366,Viole,McNeill,vmcneilla5@columbia.edu,18-06-2021,Registered,83299.26
1367,Wynn,Kahn,wkahna6@stanford.edu,11-10-2021,Clinical S,47367.36
1368,Homerus,Henriet,hhenrieta7@pinterest.com,11-04-2021,Community ,46266.77
1369,Millisent,Bleything,mbleythinga8@shutterfly.com,30-04-2021,Structural,98173.15
1370,Shellysheldon,Laven,slavena9@51.la,13-09-2021,Marketing ,79622.55
1371,Ingunna,Woodrup,iwoodrupaa@de.vu,20-04-2021,Account Co,72948.04
1372,Meredithe,Nestor,mnestorab@woothemes.com,10-03-2021,Budget/Acc,79861.46
1373,Electra,Feaviour,efeaviourac@sbwire.com,20-08-2021,Project Ma,76936.01
1374,Sissy,Smithe,ssmithead@nifty.com,11-01-2021,Director o,95137.72
1375,Doria,Gavahan,dgavahanae@google.ca,28-06-2021,Programmer,63134.05
1376,Vyky,Churcher,vchurcheraf@diigo.com,04-02-2021,Computer S,95301.0
1377,Ab,Hutchason,ahutchasonag@liveinternet.ru,03-05-2021,Director o,98079.77
1378,Catina,Charrier,ccharrierah@aboutads.info,22-01-2021,Analog Cir,44145.43
1379,Milton,Luesley,mluesleyai@amazon.de,01-10-2021,Account Co,52472.68
1380,Dev,Sharper,dsharperaj@alibaba.com,14-02-2021,Budget/Acc,41933.65
1381,Gerry,Krier,gkrierak@ibm.com,04-09-2021,Business S,66713.58
1382,Lennie,Petrello,lpetrelloal@bravesites.com,14-06-2021,Speech Pat,42132.83
1383,Ameline,Pessolt,apessoltam@lycos.com,14-07-2021,Design Eng,57011.39
1384,Gwyneth,Noir,gnoiran@shop-pro.jp,17-11-2020,Account Ex,69932.86
1385,Euphemia,Gavini,egaviniao@deliciousdays.com,29-12-2020,VP Sales,56378.33
1386,Kimball,Champkins,kchampkinsap@indiatimes.com,05-03-2021,Marketing ,59934.66
1387,Alisa,Mullenger,amullengeraq@webnode.com,31-07-2021,Accountant,48989.7
1388,Natal,Beric,nbericar@arstechnica.com,01-06-2021,Informatio,86154.84
1389,Tedda,Menault,tmenaultas@imgur.com,16-10-2021,Design Eng,42151.65
1390,Filia,Bourdice,fbourdiceat@skype.com,15-04-2021,GIS Techni,90807.35
1391,Perry,McGiffin,pmcgiffinau@kickstarter.com,27-01-2021,VP Product,42297.24
1392,Jacquenette,Spottswood,jspottswoodav@qq.com,13-01-2021,Research A,55404.33
1393,Paule,Gimblett,pgimblettaw@shutterfly.com,26-01-2021,Human Reso,53453.08
1394,Karine,Moorhouse,kmoorhouseax@exblog.jp,25-05-2021,Safety Tec,45192.45
1395,Enriqueta,Assender,eassenderay@cbc.ca,05-05-2021,Safety Tec,54509.77
1396,Lucius,Burnes,lburnesaz@posterous.com,17-10-2021,Internal A,51827.49
1397,Cris,Hands,chandsb0@hostgator.com,14-11-2020,Operator,56986.99
1398,Laurence,Firmin,lfirminb1@ehow.com,24-05-2021,Staff Acco,67692.73
1399,Amelie,Schusterl,aschusterlb2@mit.edu,08-03-2021,Assistant ,85311.7
1400,Anthea,Fells,afellsb3@sitemeter.com,01-07-2021,Quality Co,49105.96
1401,Davon,Gorges,dgorgesb4@blogspot.com,03-04-2021,Design Eng,42871.27
1402,Gordy,Kinglake,gkinglakeb5@oracle.com,14-05-2021,Geologist ,54055.5
1403,Dimitri,Lacroix,dlacroixb6@ameblo.jp,27-12-2020,VP Marketi,86150.23
1404,Cleveland,Aizlewood,caizlewoodb7@state.gov,04-02-2021,Assistant ,68633.0
1405,Ahmad,Phelps,aphelpsb8@mayoclinic.com,03-10-2021,Budget/Acc,92923.92
1406,Cara,Patnelli,cpatnellib9@senate.gov,07-10-2021,Nuclear Po,57401.4
1407,Albertina,Wibberley,awibberleyba@nih.gov,24-08-2021,Community ,60049.88
1408,Alex,Cuppitt,acuppittbb@examiner.com,17-02-2021,General Ma,74417.66
1409,Ellis,Dyter,edyterbc@facebook.com,19-06-2021,Engineer I,71079.71
1410,Mikkel,Kiely,mkielybd@behance.net,08-02-2021,Staff Scie,87013.1
1411,Horatio,Kestell,hkestellbe@usa.gov,10-07-2021,Tax Accoun,74238.98
1412,Celisse,Upson,cupsonbf@ibm.com,31-08-2021,Clinical S,94307.82
1413,Forest,Fullard,ffullardbg@cbsnews.com,12-10-2021,Food Chemi,69519.89
1414,Merv,Cecely,mcecelybh@purevolume.com,28-09-2021,Marketing ,42248.11
1415,Hildy,Maton,hmatonbi@cnbc.com,15-05-2021,Staff Acco,76267.85
1416,Ellswerth,Brevetor,ebrevetorbj@archive.org,23-01-2021,Automation,86004.22
1417,Blake,Ottawell,bottawellbk@tinyurl.com,19-02-2021,Project Ma,57946.9
1418,Maurizia,Kaminski,mkaminskibl@e-recht24.de,08-10-2021,Dental Hyg,42583.45
1419,Cory,Drennan,cdrennanbm@wiley.com,26-02-2021,Analyst Pr,61577.58
1420,Guido,Glazzard,gglazzardbn@nhs.uk,06-11-2020,Product En,44071.3
1421,Cyndy,Decort,cdecortbo@hibu.com,10-02-2021,General Ma,95931.11
1422,Teresita,Joannet,tjoannetbp@washington.edu,14-08-2021,Social Wor,77934.14
1423,Luci,Digges,ldiggesbq@hatena.ne.jp,23-04-2021,Environmen,70215.69
1424,Melvyn,Tilford,mtilfordbr@goodreads.com,18-11-2020,Product En,58402.07
1425,Staffard,Rosenzveig,srosenzveigbs@redcross.org,27-07-2021,VP Account,61233.3
1426,Maryrose,Bradnam,mbradnambt@goo.ne.jp,07-03-2021,Human Reso,86176.74
1427,Roderick,Spalls,rspallsbu@house.gov,04-02-2021,Assistant ,82957.23
1428,Martie,Muggach,mmuggachbv@tuttocitta.it,08-10-2021,Associate ,90499.43
1429,Hadley,Farrens,hfarrensbw@biblegateway.com,24-01-2021,Sales Asso,67520.07
1430,Lemmie,Helm,lhelmbx@baidu.com,25-09-2021,Recruiter,52807.34
1431,Terrijo,Sivess,tsivessby@webnode.com,20-02-2021,Executive ,47198.62
1432,Leonie,Briggs,lbriggsbz@joomla.org,04-07-2021,Biostatist,75670.65
1433,Far,Annion,fannionc0@mail.ru,10-08-2021,Physical T,71782.08
1434,Lazare,Oneill,loneillc1@hp.com,06-08-2021,Civil Engi,99765.56
1435,Allistir,Alder,aalderc2@youtu.be,09-06-2021,Research A,86533.62
1436,Karney,Ivanuschka,kivanuschkac3@purevolume.com,30-07-2021,Dental Hyg,58533.97
1437,Dun,Langlois,dlangloisc4@ow.ly,21-07-2021,Research A,74322.17
1438,Ali,Filippucci,afilippuccic5@independent.co.uk,15-11-2020,Senior Cos,91271.19
1439,Dru,Gent,dgentc6@java.com,07-10-2021,Product En,62694.09
1440,Mignonne,Diviny,mdivinyc7@amazon.co.uk,01-06-2021,Marketing ,74929.74
1441,Cortney,Purnell,cpurnellc8@nsw.gov.au,07-12-2020,Project Ma,69955.71
1442,Evangelia,Tetlow,etetlowc9@ebay.co.uk,11-09-2021,Automation,48866.76
1443,Sonnie,Bendtsen,sbendtsenca@creativecommons.org,27-12-2020,Project Ma,80902.08
1444,Retha,Douris,rdouriscb@reddit.com,03-12-2020,VP Product,83803.32
1445,Thor,Tomkinson,ttomkinsoncc@umich.edu,06-10-2021,Actuary,86346.56
1446,Billie,Dyble,bdyblecd@boston.com,05-03-2021,Senior Cos,95028.47
1447,Gabriello,Wordesworth,gwordesworthce@zimbio.com,09-07-2021,Help Desk ,89655.93
1448,Bryant,Dunton,bduntoncf@indiatimes.com,12-02-2021,GIS Techni,96076.92
1449,Wrennie,Grinyakin,wgrinyakincg@phpbb.com,27-03-2021,Cost Accou,84288.18
1450,Gui,Braven,gbravench@ebay.com,28-06-2021,Accountant,65072.72
1451,Luigi,McPhail,lmcphailci@xing.com,10-03-2021,Structural,79881.88
1452,Elnore,Dumphry,edumphrycj@gov.uk,14-07-2021,Assistant ,91759.54
1453,Mavis,Mongeot,mmongeotck@etsy.com,14-02-2021,Senior Sal,65668.71
1454,Stesha,Sharrocks,ssharrockscl@theguardian.com,30-01-2021,Associate ,70429.27
1455,Ozzy,De Gregorio,odegregoriocm@canalblog.com,15-04-2021,Biostatist,81847.37
1456,Barbabra,Nickoles,bnickolescn@army.mil,13-03-2021,Technical ,83497.06
1457,Robert,McQuaide,rmcquaideco@google.fr,19-10-2020,Accounting,76441.11
1458,Nona,Askwith,naskwithcp@google.com.au,30-05-2021,Research N,72858.94
1459,Erinn,Elsmore,eelsmorecq@drupal.org,23-10-2020,Budget/Acc,90123.74
1460,Irita,Brosel,ibroselcr@indiegogo.com,02-09-2021,VP Product,79709.06
1461,Cob,McAndie,cmcandiecs@cbslocal.com,30-11-2020,Assistant ,46303.15
1462,Pierson,Biddle,pbiddlect@kickstarter.com,07-03-2021,Environmen,40957.15
1463,Iolanthe,Kinnin,ikinnincu@is.gd,24-07-2021,Physical T,67017.82
1464,Tessa,Cruft,tcruftcv@economist.com,14-02-2021,Financial ,49976.97
1465,Biddie,Efford,beffordcw@liveinternet.ru,24-12-2020,Recruiter,85879.25
1466,Frederique,Queenborough,fqueenboroughcx@123-reg.co.uk,10-09-2021,Human Reso,96567.49
1467,Maris,Firth,mfirthcy@guardian.co.uk,17-02-2021,GIS Techni,90306.23
1468,Rhys,Tulloch,rtullochcz@github.com,15-02-2021,Dental Hyg,40899.99
1469,Cazzie,Burgen,cburgend0@microsoft.com,25-01-2021,Business S,81177.06
1470,Vanni,Furtado,vfurtadod1@posterous.com,07-05-2021,Software T,59459.92
1471,Rosanna,Gillebert,rgillebertd2@usnews.com,25-11-2020,Social Wor,58659.35
1472,Joya,Juster,jjusterd3@canalblog.com,04-04-2021,Internal A,40128.5
1473,David,Douglass,ddouglassd4@businesswire.com,31-08-2021,Cost Accou,67570.28
1474,John,Turnbull,jturnbulld5@dailymail.co.uk,15-08-2021,Operator,65551.28
1475,Haleigh,O' Connell,hoconnelld6@aboutads.info,16-01-2021,Software C,84859.11
1476,Stefa,Griffiths,sgriffithsd7@dagondesign.com,09-11-2020,Speech Pat,82831.79
1477,Cordelie,Cancellieri,ccancellierid8@bravesites.com,08-04-2021,Geologist ,76753.47
1478,Teddy,Coster,tcosterd9@toplist.cz,19-06-2021,Nurse Prac,94161.44
1479,Editha,Jollands,ejollandsda@so-net.ne.jp,15-04-2021,Legal Assi,40916.96
1480,Anabel,Dowley,adowleydb@yolasite.com,07-08-2021,Speech Pat,50478.28
1481,Milena,Ebunoluwa,mebunoluwadc@whitehouse.gov,29-08-2021,Assistant ,68269.13
1482,Noland,Hastler,nhastlerdd@furl.net,12-03-2021,Business S,97675.29
1483,Joela,Jereatt,jjereattde@microsoft.com,25-01-2021,Research N,64853.92
1484,Cecelia,Zamora,czamoradf@businessinsider.com,15-09-2021,Staff Scie,73457.63
1485,Ros,Ottey,rotteydg@tinyurl.com,27-08-2021,Librarian,94238.19
1486,Lurette,Angier,langierdh@tumblr.com,29-05-2021,Research A,71035.64
1487,Rhianna,Koomar,rkoomardi@blogs.com,01-05-2021,Physical T,63838.71
1488,Spencer,Inold,sinolddj@elpais.com,26-12-2020,Senior Qua,72024.48
1489,Stern,Ewart,sewartdk@eventbrite.com,26-09-2021,Actuary,89222.63
1490,Bree,Zannelli,bzannellidl@amazon.co.jp,19-11-2020,Community ,91663.79
1491,Reyna,Blogg,rbloggdm@typepad.com,03-03-2021,Tax Accoun,52410.09
1492,Darbee,Hamments,dhammentsdn@cocolog-nifty.com,03-07-2021,Systems Ad,49155.16
1493,Susan,De Vuyst,sdevuystdo@trellian.com,11-04-2021,Paralegal,88343.37
1494,Maighdiln,Goman,mgomandp@weibo.com,05-03-2021,Software E,56157.66
1495,Cordula,Halgarth,chalgarthdq@sciencedirect.com,24-11-2020,Associate ,42207.68
1496,Estevan,Seed,eseeddr@smugmug.com,14-02-2021,Librarian,74522.79
1497,Brianne,Dysert,bdysertds@yahoo.com,19-08-2021,GIS Techni,82132.8
1498,Arden,Portsmouth,aportsmouthdt@auda.org.au,08-09-2021,Systems Ad,55748.85
1499,Anthony,Grimmett,agrimmettdu@dropbox.com,09-03-2021,Professor,82909.09
1500,Lari,Hartridge,lhartridgedv@hao123.com,09-01-2021,Senior Qua,82215.87
1501,Jeri,Lampen,jlampendw@virginia.edu,05-10-2021,Administra,58471.69
1502,Gerta,Burren,gburrendx@nih.gov,16-02-2021,Senior Qua,53049.22
1503,Fidel,Sammon,fsammondy@skype.com,01-12-2020,Technical ,60785.67
1504,Alphonso,Dennidge,adennidgedz@soundcloud.com,12-01-2021,Chemical E,42762.27
1505,Nicolas,Dade,ndadee0@whitehouse.gov,26-09-2021,Structural,83684.57
1506,Nigel,Flewan,nflewane1@senate.gov,08-08-2021,Help Desk ,81192.61
1507,Ado,Fayerman,afayermane2@dailymotion.com,20-08-2021,Occupation,50905.51
1508,Lydon,Geockle,lgeocklee3@php.net,21-05-2021,Internal A,68072.31
1509,Damiano,Uridge,duridgee4@yelp.com,24-11-2020,Nurse Prac,91813.28
1510,Tracie,Capnor,tcapnore5@webnode.com,27-09-2021,Staff Scie,94185.36
1511,Carlota,Fairweather,cfairweathere6@linkedin.com,01-07-2021,Help Desk ,99162.29
1512,Germain,de Leon,gdeleone7@nbcnews.com,05-11-2020,Environmen,51087.47
1513,Edwin,Duncanson,eduncansone8@quantcast.com,06-10-2021,Quality Co,49852.12
1514,Bentley,Kennion,bkennione9@artisteer.com,09-05-2021,Recruiter,64550.23
1515,Stacee,Calderbank,scalderbankea@ifeng.com,06-06-2021,Engineer I,40614.45
1516,Ariel,Pizer,apizereb@oaic.gov.au,21-08-2021,Senior Dev,87545.15
1517,Simona,Mauvin,smauvinec@jimdo.com,20-07-2021,Executive ,90796.75
1518,Skipper,Richardeau,srichardeaued@4shared.com,11-04-2021,GIS Techni,47943.85
1519,Glenn,Labbez,glabbezee@php.net,25-12-2020,Recruiting,98431.59
1520,Ezequiel,Yarrell,eyarrellef@go.com,11-07-2021,Chemical E,76501.83
1521,Anastasie,Omrod,aomrodeg@xinhuanet.com,25-05-2021,Business S,51230.63
1522,Rolf,Lerhinan,rlerhinaneh@prweb.com,01-10-2021,Physical T,50693.06
1523,Reinald,Reade,rreadeei@issuu.com,22-08-2021,General Ma,92440.66
1524,Therine,Eakly,teaklyej@nytimes.com,27-10-2020,Staff Acco,54476.05
1525,Walton,Cannicott,wcannicottek@who.int,06-03-2021,Geological,61917.86
1526,Sadye,Haney,shaneyel@linkedin.com,15-09-2021,Compensati,89386.4
1527,Leeanne,Wilgar,lwilgarem@ucoz.com,06-10-2021,Marketing ,81273.64
1528,Carmella,Glyde,cglydeen@soundcloud.com,16-09-2021,Financial ,79224.14
1529,Nicky,Betham,nbethameo@msn.com,05-12-2020,Environmen,56192.28
1530,Katerina,Ebbotts,kebbottsep@vk.com,30-01-2021,Software T,68582.55
1531,Caroline,Gioani,cgioanieq@cmu.edu,02-12-2020,Marketing ,92530.99
1532,Marnie,Meiklem,mmeiklemer@sourceforge.net,21-08-2021,Tax Accoun,46915.89
1533,Micki,Muncey,mmunceyes@census.gov,29-04-2021,VP Account,73746.0
1534,Ilka,Iiannone,iiiannoneet@yellowbook.com,03-02-2021,Assistant ,92921.57
1535,Page,Broodes,pbroodeseu@t-online.de,09-01-2021,Graphic De,60054.44
1536,Wilhelmine,Redler,wredlerev@mit.edu,16-07-2021,Senior Qua,95559.28
1537,Kassie,Vater,kvaterew@buzzfeed.com,03-12-2020,Accountant,84472.05
1538,Silvia,Gherardi,sgherardiex@mediafire.com,22-08-2021,Assistant ,83910.8
1539,Vergil,Scadden,vscaddeney@spotify.com,01-06-2021,Registered,46954.92
1540,Maxine,Kiddey,mkiddeyez@naver.com,05-02-2021,Pharmacist,51079.72
1541,Devy,Laurenty,dlaurentyf0@friendfeed.com,07-04-2021,Senior Dev,57530.19
1542,Bartlet,McGinny,bmcginnyf1@icio.us,07-05-2021,Administra,65305.2
1543,Louella,McQuirk,lmcquirkf2@mediafire.com,09-10-2021,Executive ,50944.58
1544,Ford,Kenworthey,fkenwortheyf3@ning.com,07-09-2021,Internal A,95341.47
1545,Xena,Couche,xcouchef4@google.co.uk,23-05-2021,Clinical S,42488.72
1546,Lamont,Ben,lbenf5@hubpages.com,20-03-2021,Chief Desi,76325.7
1547,Kellen,Reiner,kreinerf6@slideshare.net,29-03-2021,Occupation,90367.88
1548,Farica,McRory,fmcroryf7@timesonline.co.uk,26-11-2020,Junior Exe,69301.72
1549,Rowan,Cudihy,rcudihyf8@delicious.com,19-04-2021,VP Product,69552.32
1550,Marlon,Spark,msparkf9@stumbleupon.com,23-05-2021,Chemical E,59404.45
1551,Elna,Messitt,emessittfa@hubpages.com,27-10-2020,General Ma,60627.49
1552,Denny,Whimpenny,dwhimpennyfb@fotki.com,08-05-2021,Database A,75530.46
1553,Rod,Scintsbury,rscintsburyfc@hhs.gov,10-03-2021,Quality En,62162.42
1554,Renata,Figure,rfigurefd@shutterfly.com,01-05-2021,General Ma,58747.27
1555,Rebecca,Ashbey,rashbeyfe@cyberchimps.com,24-02-2021,Senior Qua,66809.4
1556,Heath,Shurmore,hshurmoreff@posterous.com,24-03-2021,Senior Dev,98857.49
1557,Cordy,Snelle,csnellefg@ask.com,26-06-2021,GIS Techni,44389.34
1558,Miles,Kordova,mkordovafh@ocn.ne.jp,18-04-2021,Chemical E,44469.36
1559,Fabiano,Grinter,fgrinterfi@instagram.com,16-10-2021,Health Coa,55177.08
1560,Erhart,Scade,escadefj@trellian.com,27-03-2021,Staff Acco,57658.56
1561,Elihu,Thowes,ethowesfk@amazon.co.uk,22-04-2021,Operator,57715.5
1562,Wesley,Saladine,wsaladinefl@nhs.uk,10-08-2021,Community ,90951.96
1563,Natty,Kinker,nkinkerfm@ft.com,17-09-2021,Assistant ,93536.81
1564,Oby,Gratton,ograttonfn@yelp.com,20-04-2021,Biostatist,84723.14
1565,Roderich,Samart,rsamartfo@nature.com,11-02-2021,Computer S,83661.67
1566,Kiersten,Seymer,kseymerfp@so-net.ne.jp,07-07-2021,Staff Acco,72735.34
1567,Pamella,Eagling,peaglingfq@pinterest.com,22-07-2021,VP Product,81817.19
1568,Gradeigh,Crossgrove,gcrossgrovefr@ehow.com,18-12-2020,Quality En,89047.83
1569,Emmie,Dalyell,edalyellfs@cargocollective.com,08-04-2021,Tax Accoun,71714.55
1570,Zia,Brands,zbrandsft@statcounter.com,10-02-2021,Help Desk ,75921.86
1571,Andrei,Conaghan,aconaghanfu@latimes.com,12-04-2021,Research A,59730.17
1572,Waylon,Nalder,wnalderfv@reuters.com,12-10-2021,VP Quality,88486.93
1573,Pansy,Greaves,pgreavesfw@soundcloud.com,22-12-2020,Senior Cos,88000.23
1574,Flossy,Gillson,fgillsonfx@sitemeter.com,04-10-2021,Financial ,63424.76
1575,Mercedes,Lathan,mlathanfy@nsw.gov.au,07-06-2021,Help Desk ,90839.91
1576,Westley,Kale,wkalefz@engadget.com,01-10-2021,Senior Qua,54122.62
1577,Page,Arnaudi,parnaudig0@apple.com,14-04-2021,Nuclear Po,91729.72
1578,Stormi,Flanders,sflandersg1@deliciousdays.com,17-12-2020,Analyst Pr,66288.76
1579,Mellie,Lodwig,mlodwigg2@tinyurl.com,06-12-2020,Statistici,51480.16
1580,Patty,Campagne,pcampagneg3@ucsd.edu,17-07-2021,Environmen,64957.63
1581,Paola,Lorincz,plorinczg4@wikipedia.org,04-02-2021,Administra,74479.45
1582,Westbrook,Grube,wgrubeg5@vkontakte.ru,20-06-2021,Web Design,79901.6
1583,Hank,Saffell,hsaffellg6@purevolume.com,14-05-2021,Assistant ,67607.13
1584,Mandi,Ruby,mrubyg7@gizmodo.com,23-05-2021,Payment Ad,95066.57
1585,Andrew,Marshman,amarshmang8@businesswire.com,15-11-2020,Budget/Acc,66894.61
1586,Melloney,Day,mdayg9@t-online.de,20-11-2020,Electrical,57063.21
1587,Findley,Loutheane,floutheanega@meetup.com,17-01-2021,Geologist ,65885.73
1588,Baldwin,MacDowall,bmacdowallgb@apple.com,13-09-2021,Chemical E,66727.27
1589,Gavrielle,Beachamp,gbeachampgc@github.com,04-12-2020,Engineer I,72306.58
1590,Doralin,Adamec,dadamecgd@51.la,02-05-2021,Executive ,57098.16
1591,Ardenia,Domanski,adomanskige@bing.com,14-03-2021,Design Eng,97098.27
1592,Peria,Rosendorf,prosendorfgf@newsvine.com,24-09-2021,Web Design,79539.21
1593,Tom,Dunford,tdunfordgg@nationalgeographic.com,04-08-2021,Payment Ad,93934.35
1594,Leo,Acuna,lacunagh@tiny.cc,22-02-2021,Physical T,91975.54
1595,Obadiah,Elderfield,oelderfieldgi@redcross.org,18-12-2020,Senior Qua,77182.09
1596,Robbie,Perigo,rperigogj@auda.org.au,17-09-2021,Marketing ,52708.38
1597,Arabela,Sigge,asiggegk@blinklist.com,13-03-2021,Administra,45001.97
1598,Zulema,Heaford,zheafordgl@sogou.com,19-11-2020,Geologist ,47785.16
1599,Tabbie,Kynson,tkynsongm@addthis.com,22-02-2021,General Ma,96072.24
1600,Rica,Howler,rhowlergn@example.com,24-03-2021,Accounting,80740.48
1601,Hershel,Sherry,hsherrygo@amazon.de,25-07-2021,VP Sales,48519.85
1602,Wenonah,Callington,wcallingtongp@kickstarter.com,29-09-2021,Design Eng,86204.94
1603,Clarinda,Farden,cfardengq@stanford.edu,03-11-2020,Computer S,70153.62
1604,Yale,Batstone,ybatstonegr@rakuten.co.jp,15-04-2021,Budget/Acc,56778.71
1605,Gwenette,Sudron,gsudrongs@reuters.com,01-03-2021,Senior Qua,80986.0
1606,Felike,Prosch,fproschgt@prlog.org,13-08-2021,Dental Hyg,63905.64
1607,Corinne,Penas,cpenasgu@china.com.cn,28-12-2020,Web Design,92261.24
1608,Tedra,Wasmer,twasmergv@wikipedia.org,06-05-2021,VP Quality,92439.5
1609,Agosto,Graundisson,agraundissongw@wiley.com,10-12-2020,Pharmacist,75388.89
1610,Roselia,Baildon,rbaildongx@tinypic.com,16-02-2021,Quality Co,78724.42
1611,Estrella,Anthoney,eanthoneygy@free.fr,22-08-2021,Developer ,98753.22
1612,Lillian,Skerritt,lskerrittgz@wired.com,01-02-2021,Account Ex,54057.22
1613,Bride,Gerleit,bgerleith0@tmall.com,18-05-2021,Media Mana,99323.96
1614,Field,Houtby,fhoutbyh1@homestead.com,31-08-2021,Mechanical,63498.69
1615,Land,Mingaud,lmingaudh2@timesonline.co.uk,22-08-2021,Tax Accoun,41927.81
1616,Ernesto,Luxford,eluxfordh3@hugedomains.com,31-12-2020,Technical ,43859.49
1617,Gilda,Ramberg,grambergh4@answers.com,17-03-2021,VP Account,98520.51
1618,Travers,Falvey,tfalveyh5@google.co.jp,10-11-2020,Clinical S,85096.44
1619,Dore,Ticksall,dticksallh6@wunderground.com,24-02-2021,GIS Techni,65124.74
1620,Nadya,Pavolini,npavolinih7@mac.com,04-11-2020,Software T,73023.7
1621,Karlan,Grellier,kgrellierh8@mapy.cz,22-08-2021,Electrical,77029.23
1622,Michele,Goncalo,mgoncaloh9@ning.com,03-08-2021,Internal A,68562.5
1623,Carleton,Piatti,cpiattiha@ft.com,16-11-2020,Staff Acco,58652.02
1624,Gussy,Lawden,glawdenhb@geocities.jp,17-06-2021,Statistici,46378.28
1625,L;urette,Keele,lkeelehc@webnode.com,06-05-2021,Informatio,61691.98
1626,Noah,Ahmed,nahmedhd@flickr.com,30-04-2021,Assistant ,49266.19
1627,Theresina,Trodd,ttroddhe@netscape.com,08-01-2021,Nuclear Po,50580.77
1628,Albert,Crutcher,acrutcherhf@sfgate.com,26-02-2021,Geological,43868.87
1629,Alfonso,Pratchett,apratchetthg@webeden.co.uk,12-04-2021,Senior Cos,57515.31
1630,Concettina,Uvedale,cuvedalehh@technorati.com,18-05-2021,Mechanical,97420.48
1631,Christiano,Dudeney,cdudeneyhi@slideshare.net,03-08-2021,Financial ,88636.52
1632,Mattheus,Reith,mreithhj@macromedia.com,18-07-2021,Senior Cos,53085.93
1633,Cindelyn,Welband,cwelbandhk@yahoo.com,10-07-2021,Geologist ,92285.15
1634,Daren,Kuhnert,dkuhnerthl@joomla.org,14-08-2021,Software E,81730.3
1635,Linoel,Seacroft,lseacrofthm@squidoo.com,12-01-2021,Electrical,48532.09
1636,Fleurette,Houlton,fhoultonhn@timesonline.co.uk,14-10-2021,Junior Exe,64801.53
1637,Ophelia,Sprouls,osproulsho@ibm.com,12-09-2021,Project Ma,94980.61
1638,Elijah,Balffye,ebalffyehp@istockphoto.com,14-03-2021,Director o,82229.02
1639,Aubert,Maynard,amaynardhq@de.vu,04-03-2021,Geological,72469.33
1640,Marcia,Upton,muptonhr@shutterfly.com,15-12-2020,Assistant ,94828.73
1641,Normie,Chadband,nchadbandhs@tumblr.com,24-10-2020,Director o,72222.93
1642,Yvette,Sennett,ysennettht@amazon.com,15-12-2020,Teacher,85086.8
1643,Rossie,Minney,rminneyhu@stumbleupon.com,18-05-2021,Senior Fin,64681.73
1644,Jeddy,Wegenen,jwegenenhv@facebook.com,06-05-2021,Senior Edi,47557.06
1645,Mariam,Terney,mterneyhw@marketwatch.com,03-10-2021,Environmen,89646.84
1646,Glenda,Petran,gpetranhx@wikispaces.com,12-09-2021,Electrical,55296.66
1647,Salomi,Ebbings,sebbingshy@so-net.ne.jp,21-09-2021,Nuclear Po,79810.12
1648,Vernor,Heel,vheelhz@bandcamp.com,31-08-2021,Desktop Su,55382.77
1649,Aime,Troctor,atroctori0@phpbb.com,15-07-2021,Legal Assi,59570.81
1650,Kent,Giscken,kgisckeni1@squidoo.com,31-08-2021,Chief Desi,86324.98
1651,Almeta,Iwanczyk,aiwanczyki2@deliciousdays.com,17-11-2020,Assistant ,80598.4
1652,Ax,Rasper,arasperi3@amazonaws.com,31-12-2020,Office Ass,51682.24
1653,Rainer,Georgius,rgeorgiusi4@bizjournals.com,06-10-2021,Research N,65578.51
1654,Winnah,Bispham,wbisphami5@addtoany.com,16-09-2021,Web Develo,80347.1
1655,Lorraine,Solomonides,lsolomonidesi6@google.ru,16-11-2020,Project Ma,90200.08
1656,Griffy,Littley,glittleyi7@cbslocal.com,17-04-2021,Senior Fin,60988.98
1657,Olag,Gregon,ogregoni8@theatlantic.com,23-02-2021,Tax Accoun,44076.72
1658,Germayne,Delacote,gdelacotei9@marriott.com,22-10-2020,Sales Repr,83960.23
1659,Shelli,Burrow,sburrowia@people.com.cn,05-05-2021,Accounting,59861.51
1660,Dynah,Mattiuzzi,dmattiuzziib@alibaba.com,03-10-2021,Developer ,58065.54
1661,Modesta,Shelp,mshelpic@sogou.com,23-10-2020,Account Ex,49089.7
1662,Grayce,Heikkinen,gheikkinenid@upenn.edu,23-01-2021,Legal Assi,58941.21
1663,Merv,Orridge,morridgeie@sourceforge.net,15-09-2021,Graphic De,56230.68
1664,Ennis,Linfitt,elinfittif@xing.com,15-10-2021,VP Product,57865.81
1665,Durand,Iscowitz,discowitzig@about.me,11-03-2021,Environmen,80477.37
1666,Holt,McCanny,hmccannyih@adobe.com,12-01-2021,Professor,83172.72
1667,Kerry,Stickler,ksticklerii@mysql.com,17-03-2021,Account Ex,80034.38
1668,Donelle,Mounter,dmounterij@hatena.ne.jp,07-03-2021,Electrical,99670.6
1669,Pail,Lorentz,plorentzik@merriam-webster.com,09-09-2021,Engineer I,61785.82
1670,Clementia,Balazs,cbalazsil@weather.com,13-06-2021,Software C,45929.19
1671,Christy,Strond,cstrondim@amazon.de,28-06-2021,Statistici,57267.04
1672,Wiatt,Westwick,wwestwickin@unblog.fr,04-09-2021,Community ,72796.68
1673,Dalenna,Firpo,dfirpoio@msu.edu,08-08-2021,Electrical,93516.72
1674,Zacharie,Boyford,zboyfordip@list-manage.com,11-04-2021,Senior Qua,77295.41
1675,Ignaz,Arpin,iarpiniq@irs.gov,14-02-2021,VP Sales,72202.53
1676,Corrina,Bruyntjes,cbruyntjesir@pcworld.com,11-08-2021,Senior Dev,74437.96
1677,Cullie,Gare,cgareis@unesco.org,04-08-2021,Sales Asso,57425.23
1678,Marnia,Zapata,mzapatait@upenn.edu,06-12-2020,Senior Cos,97097.37
1679,Lissa,Mullally,lmullallyiu@sbwire.com,19-07-2021,Sales Repr,61854.79
1680,Simmonds,Goodrick,sgoodrickiv@ihg.com,30-11-2020,Administra,63005.03
1681,Patrice,Roundtree,proundtreeiw@addthis.com,27-07-2021,Statistici,52633.98
1682,Arlyn,Cann,acannix@businesswire.com,08-05-2021,Help Desk ,85490.9
1683,Sybil,Hutchin,shutchiniy@smh.com.au,21-02-2021,Senior Dev,83922.11
1684,Laurianne,Yersin,lyersiniz@earthlink.net,23-03-2021,Electrical,60317.33
1685,Carley,Wagge,cwaggej0@scientificamerican.com,01-11-2020,Chief Desi,65252.05
1686,Veronica,Hurd,vhurdj1@youtu.be,11-06-2021,Analyst Pr,84010.39
1687,Waite,Kinsett,wkinsettj2@unc.edu,23-07-2021,Help Desk ,95928.65
1688,Meris,Benyon,mbenyonj3@macromedia.com,04-06-2021,Database A,88288.69
1689,Thor,Llewelly,tllewellyj4@mac.com,23-02-2021,Senior Edi,80006.33
1690,Maurise,Schollar,mschollarj5@behance.net,12-08-2021,Systems Ad,75862.74
1691,Ynez,Thyer,ythyerj6@w3.org,30-11-2020,Structural,47097.05
1692,Yorgos,Gateland,ygatelandj7@sphinn.com,20-10-2020,Nurse Prac,51906.46
1693,Maible,Egar,megarj8@amazon.de,16-12-2020,Safety Tec,86543.33
1694,Christine,MacAne,cmacanej9@go.com,22-03-2021,Senior Dev,75376.2
1695,Ellery,Pesic,epesicja@taobao.com,02-08-2021,Help Desk ,68708.88
1696,Rey,Antoniak,rantoniakjb@yelp.com,18-10-2021,VP Product,63218.76
1697,Pet,Pringour,ppringourjc@buzzfeed.com,21-12-2020,Analog Cir,52492.72
1698,Paolo,Meenan,pmeenanjd@harvard.edu,25-04-2021,Teacher,82947.34
1699,Claresta,Howitt,chowittje@kickstarter.com,02-02-2021,Quality Co,52556.32
1700,Stanley,Abelevitz,sabelevitzjf@fastcompany.com,08-03-2021,Staff Acco,78486.23
1701,Florida,Marjoribanks,fmarjoribanksjg@ox.ac.uk,28-03-2021,Executive ,57185.44
1702,Hallsy,Coaker,hcoakerjh@dion.ne.jp,12-12-2020,Physical T,89434.01
1703,Georgeta,Kuschke,gkuschkeji@xing.com,28-10-2020,Computer S,78263.52
1704,Gan,Genders,ggendersjj@squarespace.com,24-02-2021,Software T,48153.63
1705,Benn,Darlaston,bdarlastonjk@alexa.com,20-10-2020,Compensati,53480.62
1706,Berkley,McKew,bmckewjl@prnewswire.com,26-03-2021,Help Desk ,80101.27
1707,Lexie,Spadeck,lspadeckjm@posterous.com,16-03-2021,Senior Qua,83888.73
1708,Elisa,Percival,epercivaljn@discuz.net,23-01-2021,Executive ,93051.06
1709,Vicki,Billett,vbillettjo@google.co.uk,17-10-2021,Administra,55279.0
1710,Wendell,Gritsunov,wgritsunovjp@ow.ly,14-08-2021,Web Develo,54714.89
1711,Engracia,Edsall,eedsalljq@theguardian.com,10-06-2021,Nurse,80988.34
1712,Annmaria,Pittwood,apittwoodjr@samsung.com,19-07-2021,Budget/Acc,71308.16
1713,Gretel,Yellowlea,gyellowleajs@dell.com,04-02-2021,Design Eng,66873.99
1714,Tawsha,Crudginton,tcrudgintonjt@dell.com,27-08-2021,Biostatist,65032.9
1715,Lonni,Warmington,lwarmingtonju@harvard.edu,05-06-2021,Structural,42999.55
1716,Ulrikaumeko,Lukasen,ulukasenjv@umich.edu,03-07-2021,Occupation,65125.8
1717,Sibby,Biggs,sbiggsjw@dagondesign.com,09-09-2021,Media Mana,76990.79
1718,Megan,Tregien,mtregienjx@xing.com,26-12-2020,Safety Tec,88446.98
1719,Lizbeth,Kennewell,lkennewelljy@edublogs.org,28-10-2020,Accountant,73883.17
1720,Meredeth,Ferries,mferriesjz@answers.com,16-06-2021,Senior Dev,57469.81
1721,Lusa,Kerkham,lkerkhamk0@nyu.edu,10-09-2021,Design Eng,70611.31
1722,Pooh,Bengtsson,pbengtssonk1@java.com,25-03-2021,Analog Cir,40479.95
1723,Brennan,Rance,brancek2@webs.com,15-12-2020,VP Sales,60311.62
1724,Katina,Abby,kabbyk3@vk.com,02-01-2021,Sales Repr,79915.38
1725,Wait,Parfitt,wparfittk4@google.nl,18-10-2021,Account Co,71064.57
1726,Randolph,Braam,rbraamk5@barnesandnoble.com,29-03-2021,Design Eng,89184.39
1727,Corie,Reason,creasonk6@opensource.org,21-04-2021,Teacher,49884.87
1728,Delila,McRobbie,dmcrobbiek7@flickr.com,07-08-2021,Marketing ,48338.07
1729,Allyce,Bermingham,aberminghamk8@forbes.com,07-01-2021,Teacher,61639.57
1730,Alvan,Gorick,agorickk9@soundcloud.com,02-10-2021,Account Co,74038.04
1731,Solomon,Breckon,sbreckonka@wikimedia.org,15-10-2021,Analog Cir,79620.29
1732,Maryanne,Pressman,mpressmankb@netvibes.com,26-08-2021,Editor,89290.5
1733,Evonne,Kaye,ekayekc@fc2.com,11-02-2021,Sales Repr,67998.6
1734,Elna,Drummond,edrummondkd@g.co,29-07-2021,Occupation,51684.0
1735,Quinn,Rojas,qrojaske@ustream.tv,13-10-2021,Media Mana,59007.76
1736,Emanuel,Bischop,ebischopkf@blogger.com,17-02-2021,Mechanical,73743.32
1737,Kelila,Mariault,kmariaultkg@npr.org,22-09-2021,Associate ,93600.67
1738,Berni,Tidbury,btidburykh@unicef.org,09-07-2021,Web Design,40193.17
1739,Nanny,Vogele,nvogeleki@imgur.com,08-05-2021,Staff Acco,55531.02
1740,Doro,Poxton,dpoxtonkj@microsoft.com,03-07-2021,Quality Co,57879.55
1741,Emily,Budgeon,ebudgeonkk@digg.com,09-05-2021,Research A,54317.15
1742,Ambrose,Brighouse,abrighousekl@uol.com.br,23-12-2020,Safety Tec,57333.73
1743,Gene,De Francisci,gdefranciscikm@1688.com,07-01-2021,Assistant ,84638.55
1744,Welsh,Woodwing,wwoodwingkn@ustream.tv,02-01-2021,Senior Edi,61027.51
1745,Delcina,Gerram,dgerramko@dot.gov,04-02-2021,Budget/Acc,48634.22
1746,Daloris,Tierney,dtierneykp@japanpost.jp,06-04-2021,Senior Dev,97152.93
1747,Alyson,Pimblott,apimblottkq@tinypic.com,17-09-2021,Registered,47923.25
1748,Lidia,Goracci,lgoraccikr@myspace.com,28-01-2021,VP Product,94692.5
1749,Dulci,Lampert,dlampertks@xing.com,19-08-2021,Database A,85719.16
1750,Sascha,Castellino,scastellinokt@mit.edu,24-08-2021,Data Coord,76134.27
1751,Hedwig,Drust,hdrustku@telegraph.co.uk,28-07-2021,Web Design,80657.59
1752,Cozmo,Wilkennson,cwilkennsonkv@cargocollective.com,23-10-2020,Product En,49100.58
1753,Ikey,Lenihan,ilenihankw@reverbnation.com,30-01-2021,Data Coord,41159.8
1754,Hannie,Gowan,hgowankx@reddit.com,03-11-2020,Developer ,84126.52
1755,Briggs,Pearlman,bpearlmanky@blogtalkradio.com,19-02-2021,Marketing ,57671.98
1756,Adrianna,Dymick,adymickkz@xrea.com,06-02-2021,Safety Tec,56104.83
1757,Oates,Gisbye,ogisbyel0@xrea.com,22-12-2020,VP Product,72062.09
1758,Noemi,Veare,nvearel1@google.cn,14-05-2021,Data Coord,83220.42
1759,Mag,Prettyman,mprettymanl2@buzzfeed.com,14-09-2021,Product En,49613.0
1760,Magdalen,Dammarell,mdammarelll3@paginegialle.it,21-04-2021,Computer S,66192.1
1761,Marguerite,Huxster,mhuxsterl4@macromedia.com,16-04-2021,Occupation,97309.53
1762,Eugene,Jerrold,ejerroldl5@oakley.com,05-02-2021,Software T,70003.55
1763,Zelig,Domange,zdomangel6@pcworld.com,12-07-2021,Research N,73429.36
1764,Flint,Brummell,fbrummelll7@comcast.net,27-08-2021,Tax Accoun,84024.47
1765,Tull,Ayshford,tayshfordl8@ft.com,09-08-2021,Desktop Su,49786.84
1766,Alli,Eyckelbeck,aeyckelbeckl9@csmonitor.com,18-08-2021,Sales Asso,85365.36
1767,Odette,Sausman,osausmanla@unc.edu,28-01-2021,Cost Accou,99737.98
1768,Siward,Kirvin,skirvinlb@skyrock.com,19-07-2021,Programmer,51972.91
1769,Dorita,Meddemmen,dmeddemmenlc@china.com.cn,13-06-2021,Budget/Acc,96803.28
1770,Urson,Bretherick,ubretherickld@people.com.cn,08-05-2021,Chief Desi,89549.34
1771,Chris,Marval,cmarvalle@cargocollective.com,19-11-2020,Director o,89710.46
1772,Lannie,Gilkison,lgilkisonlf@ca.gov,19-05-2021,Programmer,76418.12
1773,Rebe,Cressar,rcressarlg@archive.org,23-06-2021,Account Co,79031.52
1774,Ximenes,Crooke,xcrookelh@skyrock.com,25-06-2021,Structural,62711.57
1775,Jerrie,Meran,jmeranli@weather.com,10-10-2021,Quality Co,81292.8
1776,May,Riccardi,mriccardilj@1688.com,09-09-2021,Software C,77968.55
1777,Dulcine,Saphir,dsaphirlk@google.com.br,16-07-2021,Nuclear Po,54597.27
1778,Ricki,Besset,rbessetll@ehow.com,31-10-2020,Food Chemi,47919.27
1779,Mimi,Halbert,mhalbertlm@bizjournals.com,14-08-2021,Statistici,54839.2
1780,Livy,Santry,lsantryln@nyu.edu,21-10-2020,Professor,42760.43
1781,Kelly,Hazard,khazardlo@bandcamp.com,28-12-2020,Cost Accou,67719.35
1782,Shelli,Bisley,sbisleylp@artisteer.com,07-09-2021,Actuary,40095.35
1783,Hakim,Gilbertson,hgilbertsonlq@google.com.au,16-11-2020,Executive ,42163.88
1784,Priscilla,Britzius,pbritziuslr@fda.gov,24-11-2020,Community ,77004.3
1785,Ernest,Pickerill,epickerillls@usgs.gov,05-02-2021,Analyst Pr,58452.71
1786,Hansiain,MacGillivrie,hmacgillivrielt@engadget.com,08-06-2021,Registered,75382.42
1787,Barny,Bruckmann,bbruckmannlu@newsvine.com,11-03-2021,Internal A,73605.99
1788,Michaella,Biggerstaff,mbiggerstafflv@bizjournals.com,28-11-2020,Database A,46512.28
1789,Ruprecht,Scading,rscadinglw@house.gov,29-07-2021,Dental Hyg,86955.2
1790,Cal,Seeney,cseeneylx@ox.ac.uk,08-09-2021,Staff Acco,62346.14
1791,Catlee,Velti,cveltily@yelp.com,13-02-2021,Accounting,77399.15
1792,Cinnamon,Belle,cbellelz@cnet.com,22-08-2021,Junior Exe,41484.8
1793,Dewey,Lenglet,dlengletm0@usnews.com,03-06-2021,Programmer,60059.74
1794,Reinhold,Stelfax,rstelfaxm1@earthlink.net,29-05-2021,Legal Assi,59380.48
1795,Ferdinand,Darrigoe,fdarrigoem2@nytimes.com,21-08-2021,Programmer,90041.05
1796,Jaquenette,Carlet,jcarletm3@spiegel.de,16-03-2021,Web Develo,83205.88
1797,Scarlett,Collihole,scolliholem4@rakuten.co.jp,28-05-2021,Account Re,85021.61
1798,Welsh,Shepard,wshepardm5@usgs.gov,11-09-2021,Legal Assi,93188.94
1799,Giraud,Crossman,gcrossmanm6@mlb.com,14-06-2021,Chief Desi,77654.88
1800,Darline,Egle,deglem7@earthlink.net,12-07-2021,Help Desk ,65648.66
1801,Rem,Geffen,rgeffenm8@google.ru,19-11-2020,Senior Dev,54193.69
1802,Ashlen,Blayney,ablayneym9@admin.ch,18-03-2021,Research A,46887.55
1803,Britni,Damrel,bdamrelma@webmd.com,22-05-2021,Environmen,77079.32
1804,Darleen,Adess,dadessmb@un.org,14-01-2021,Database A,68436.23
1805,Xylina,Bubbear,xbubbearmc@scribd.com,29-10-2020,Structural,46948.71
1806,Jaclyn,Foxcroft,jfoxcroftmd@weather.com,13-05-2021,Compensati,96533.45
1807,Harv,Readman,hreadmanme@sfgate.com,30-05-2021,Help Desk ,50011.86
1808,Trude,Philippou,tphilippoumf@umn.edu,12-06-2021,Systems Ad,78973.74
1809,Ettie,Held,eheldmg@addtoany.com,01-01-2021,Database A,81128.15
1810,Rory,Dagger,rdaggermh@gizmodo.com,18-12-2020,Web Design,46409.12
1811,Cole,Hobben,chobbenmi@qq.com,04-01-2021,VP Marketi,66158.07
1812,Valene,Raft,vraftmj@arizona.edu,23-09-2021,Structural,96450.44
1813,Hersh,Becerra,hbecerramk@businesswire.com,18-06-2021,Computer S,47584.94
1814,Martha,Rhymer,mrhymerml@so-net.ne.jp,16-01-2021,Operator,64012.08
1815,Trace,Ralston,tralstonmm@blogspot.com,20-08-2021,Dental Hyg,83163.39
1816,Debee,Nyland,dnylandmn@utexas.edu,27-03-2021,Geologist ,69230.77
1817,Edgardo,Huncoot,ehuncootmo@nih.gov,31-05-2021,Senior Edi,61013.76
1818,Nady,Riceards,nriceardsmp@domainmarket.com,02-01-2021,Research A,67302.86
1819,Eziechiele,Covet,ecovetmq@free.fr,31-07-2021,Food Chemi,56757.61
1820,Esme,Tidball,etidballmr@aboutads.info,05-01-2021,Chief Desi,83263.5
1821,Fred,Renouf,frenoufms@webnode.com,05-04-2021,VP Sales,74269.13
1822,Darla,Fitchew,dfitchewmt@nps.gov,02-12-2020,Office Ass,41408.5
1823,Mitzi,Hyndman,mhyndmanmu@tripadvisor.com,08-09-2021,GIS Techni,48772.3
1824,Doro,Bartunek,dbartunekmv@youtu.be,29-04-2021,Recruiting,89060.3
1825,Ameline,Frankes,afrankesmw@who.int,14-03-2021,Compensati,64555.49
1826,Dredi,Pummell,dpummellmx@nyu.edu,10-01-2021,Pharmacist,81675.42
1827,Justin,Hirsthouse,jhirsthousemy@intel.com,21-02-2021,Physical T,56269.67
1828,Courtney,Matusevich,cmatusevichmz@sbwire.com,19-12-2020,Chemical E,70572.14
1829,Ramsey,Grent,rgrentn0@google.co.uk,19-01-2021,Structural,45525.57
1830,Evonne,Gruczka,egruczkan1@theatlantic.com,19-02-2021,Cost Accou,94411.71
1831,Jenny,Benoiton,jbenoitonn2@irs.gov,18-10-2021,Food Chemi,71994.04
1832,Marlie,Macconaghy,mmacconaghyn3@slashdot.org,12-01-2021,Senior Qua,90879.38
1833,Lilla,Gilchriest,lgilchriestn4@psu.edu,19-12-2020,Database A,83713.36
1834,Seana,Dingate,sdingaten5@blogger.com,30-08-2021,Administra,75043.19
1835,Trumann,MacPaden,tmacpadenn6@comsenz.com,30-08-2021,Operator,88638.72
1836,Kerk,O'Shiel,koshieln7@ifeng.com,23-07-2021,Help Desk ,79925.47
1837,Sheelagh,Hargrave,shargraven8@sourceforge.net,01-05-2021,Geologist ,88436.13
1838,Xylia,Late,xlaten9@nbcnews.com,19-08-2021,Technical ,78912.78
1839,Artemis,Carragher,acarragherna@yahoo.com,16-07-2021,Software T,90169.96
1840,Joleen,Conlaund,jconlaundnb@theguardian.com,06-07-2021,Operator,94153.85
1841,Dinny,Medgewick,dmedgewicknc@scribd.com,02-07-2021,Accountant,84157.03
1842,Dionisio,Eads,deadsnd@harvard.edu,02-11-2020,Food Chemi,55273.17
1843,Whittaker,Lorden,wlordenne@walmart.com,28-09-2021,Environmen,91174.72
1844,Carlye,Higgen,chiggennf@mac.com,23-04-2021,Human Reso,96791.22
1845,Les,Rawstron,lrawstronng@prnewswire.com,26-12-2020,Research N,81443.83
1846,Sanderson,Tew,stewnh@t-online.de,30-12-2020,Structural,63902.62
1847,Giorgio,Aird,gairdni@businessinsider.com,20-07-2021,Office Ass,81455.26
1848,Caitlin,Hartness,chartnessnj@t.co,09-04-2021,Marketing ,52872.69
1849,Pascal,Antonazzi,pantonazzink@booking.com,11-05-2021,Software T,91763.42
1850,Shara,Wenzel,swenzelnl@washingtonpost.com,21-09-2021,Administra,61362.19
1851,Erich,Copestake,ecopestakenm@go.com,11-03-2021,Desktop Su,82892.04
1852,Ab,Galgey,agalgeynn@google.fr,01-03-2021,Accounting,61668.04
1853,Ursula,Cliffe,ucliffeno@ft.com,21-06-2021,Compensati,94354.97
1854,Wendell,Trundler,wtrundlernp@tinypic.com,17-06-2021,Product En,45752.98
1855,Neil,Dudek,ndudeknq@cocolog-nifty.com,27-07-2021,Statistici,78375.68
1856,Ania,Sykora,asykoranr@tamu.edu,23-11-2020,Product En,42293.62
1857,Danette,Tabbernor,dtabbernorns@opensource.org,29-12-2020,Biostatist,70231.18
1858,Jerrome,Pow,jpownt@nps.gov,05-07-2021,Financial ,44672.62
1859,Windy,Bemwell,wbemwellnu@over-blog.com,24-09-2021,Accountant,80444.15
1860,Lotte,Ziehms,lziehmsnv@fema.gov,23-09-2021,Help Desk ,79161.81
1861,Mauricio,Tuxsell,mtuxsellnw@1und1.de,24-09-2021,Account Ex,71534.92
1862,Dallas,Severns,dsevernsnx@alexa.com,09-12-2020,Cost Accou,46154.15
1863,Juliane,Allard,jallardny@howstuffworks.com,19-04-2021,VP Sales,82239.03
1864,Teresa,Ierland,tierlandnz@hud.gov,17-03-2021,Programmer,71957.89
1865,Benedicto,Haythorn,bhaythorno0@clickbank.net,08-06-2021,Accountant,83633.85
1866,Tom,Raincin,traincino1@sfgate.com,08-07-2021,Nurse Prac,54971.56
1867,Belia,Loache,bloacheo2@rambler.ru,11-10-2021,Account Re,83665.05
1868,Vivien,Wane,vwaneo3@fema.gov,19-08-2021,Technical ,42450.99
1869,Dannel,Borley,dborleyo4@google.es,18-07-2021,Media Mana,66764.61
1870,Magdalene,Torricina,mtorricinao5@smh.com.au,26-11-2020,Product En,65804.05
1871,Blanca,Wank,bwanko6@symantec.com,28-08-2021,Senior Dev,47552.22
1872,Sterne,Plante,splanteo7@statcounter.com,27-03-2021,Chemical E,93488.76
1873,Traci,Curnick,tcurnicko8@rambler.ru,03-10-2021,Developer ,53540.64
1874,Dottie,Silverthorn,dsilverthorno9@engadget.com,03-04-2021,Safety Tec,64685.79
1875,Artemus,Crown,acrownoa@typepad.com,17-07-2021,Database A,47486.39
1876,Milly,Peskett,mpeskettob@mail.ru,22-08-2021,Staff Scie,77661.82
1877,Dallon,Ruusa,druusaoc@sina.com.cn,06-11-2020,Dental Hyg,83289.09
1878,Taite,Moylane,tmoylaneod@xinhuanet.com,09-04-2021,Accountant,98945.73
1879,Fenelia,Twyning,ftwyningoe@flickr.com,29-04-2021,Web Design,86459.64
1880,Aigneis,Sieghard,asieghardof@photobucket.com,15-03-2021,Clinical S,52540.98
1881,Modesta,Maun,mmaunog@paypal.com,27-04-2021,Speech Pat,80541.42
1882,Olivero,Braidwood,obraidwoodoh@purevolume.com,13-04-2021,Media Mana,64233.45
1883,Delphine,Stapleton,dstapletonoi@imageshack.us,30-03-2021,Accountant,85579.22
1884,Ruperta,Purrington,rpurringtonoj@java.com,01-10-2021,Operator,89438.53
1885,Krystle,Faulo,kfaulook@google.it,27-11-2020,Actuary,79853.04
1886,Betta,Loomis,bloomisol@telegraph.co.uk,10-01-2021,Senior Qua,83758.51
1887,Vanna,Chattoe,vchattoeom@google.co.jp,15-11-2020,Account Ex,50852.85
1888,Cornelia,Ivanov,civanovon@vistaprint.com,10-10-2021,Environmen,63800.43
1889,Channa,Marre,cmarreoo@yellowpages.com,19-08-2021,Research N,58707.11
1890,Xylina,Serjeantson,xserjeantsonop@symantec.com,27-01-2021,Developer ,90460.04
1891,Fara,Cassam,fcassamoq@ask.com,27-06-2021,Marketing ,58411.82
1892,Aidan,Challis,achallisor@simplemachines.org,02-07-2021,Professor,87641.97
1893,Sarena,Hanby,shanbyos@sakura.ne.jp,16-06-2021,Software T,48054.49
1894,Nari,Blaymires,nblaymiresot@dion.ne.jp,25-04-2021,Social Wor,51798.18
1895,Marilyn,MacGauhy,mmacgauhyou@goo.gl,25-04-2021,Software C,44730.9
1896,Janeczka,Haighton,jhaightonov@geocities.jp,25-10-2020,Sales Repr,55326.68
1897,Westleigh,Goldsworthy,wgoldsworthyow@google.com,26-09-2021,Geologist ,41448.75
1898,Gav,Boyle,gboyleox@jigsy.com,06-08-2021,Recruiting,80322.15
1899,Margaret,Stocking,mstockingoy@elpais.com,30-10-2020,General Ma,46967.0
1900,Gael,McEvilly,gmcevillyoz@goo.ne.jp,14-08-2021,Software C,55741.83
1901,Torey,Brickell,tbrickellp0@walmart.com,05-06-2021,Paralegal,60981.5
1902,Aldin,Scutchings,ascutchingsp1@ycombinator.com,10-09-2021,Sales Asso,72155.99
1903,Chrissy,Arends,carendsp2@biglobe.ne.jp,28-06-2021,Assistant ,80402.01
1904,Frazier,Prescot,fprescotp3@google.de,10-06-2021,Safety Tec,90327.79
1905,Adriena,Weatherhill,aweatherhillp4@eepurl.com,25-10-2020,Senior Cos,90235.33
1906,Cindi,Dorrins,cdorrinsp5@dion.ne.jp,17-12-2020,Food Chemi,56099.22
1907,Rosalia,Coleyshaw,rcoleyshawp6@csmonitor.com,14-07-2021,Assistant ,97975.45
1908,Noach,Canadas,ncanadasp7@bbb.org,03-01-2021,Community ,81996.13
1909,Keen,Lippitt,klippittp8@phoca.cz,21-05-2021,GIS Techni,44756.72
1910,Blondell,Twitchett,btwitchettp9@yolasite.com,30-10-2020,Quality En,85381.38
1911,Gilbert,Sallery,gsallerypa@fastcompany.com,03-07-2021,Accounting,41773.34
1912,Siouxie,Capponer,scapponerpb@ocn.ne.jp,16-06-2021,Software E,51511.21
1913,Pearl,Oganian,poganianpc@flavors.me,02-02-2021,Office Ass,78160.76
1914,Leeann,Lauxmann,llauxmannpd@hugedomains.com,14-06-2021,Structural,42186.74
1915,Kathryne,McMurthy,kmcmurthype@amazonaws.com,26-05-2021,Dental Hyg,73882.35
1916,Ida,Lillegard,ilillegardpf@latimes.com,14-06-2021,Junior Exe,52456.61
1917,Melosa,Dohr,mdohrpg@nsw.gov.au,25-12-2020,Media Mana,40756.83
1918,Lazar,Filipowicz,lfilipowiczph@disqus.com,09-01-2021,Senior Fin,52063.05
1919,Cherey,Orriss,corrisspi@tinypic.com,02-08-2021,Geological,93789.24
1920,Lillian,Bracher,lbracherpj@cargocollective.com,17-12-2020,Data Coord,55406.32
1921,Ollie,Waliszek,owaliszekpk@apache.org,03-09-2021,Research A,40103.32
1922,Darlene,McCaughan,dmccaughanpl@nydailynews.com,14-06-2021,Design Eng,50332.94
1923,Dorene,Oaten,doatenpm@bbb.org,17-05-2021,Food Chemi,66719.91
1924,Sophia,Prebble,sprebblepn@4shared.com,14-11-2020,Food Chemi,83816.43
1925,Lauren,Aingel,laingelpo@t-online.de,02-08-2021,Administra,44299.57
1926,Thaine,Cleghorn,tcleghornpp@icio.us,08-06-2021,Recruiter,90067.48
1927,Kym,Myring,kmyringpq@sourceforge.net,12-04-2021,Financial ,43932.53
1928,Tarrah,Keyme,tkeymepr@myspace.com,28-12-2020,Marketing ,93387.7
1929,Gianna,Kornacki,gkornackips@google.it,10-10-2021,Help Desk ,91630.86
1930,Waring,Whorf,wwhorfpt@amazonaws.com,19-11-2020,Tax Accoun,47017.62
1931,Sherlock,Nichol,snicholpu@zdnet.com,03-11-2020,Web Design,86662.13
1932,Laurens,Skeel,lskeelpv@army.mil,24-03-2021,Legal Assi,46447.76
1933,Mariquilla,Linforth,mlinforthpw@usnews.com,01-05-2021,Editor,55238.72
1934,Keefe,Yorke,kyorkepx@ebay.com,26-07-2021,Data Coord,58210.38
1935,Ainslee,Swinfon,aswinfonpy@newsvine.com,17-05-2021,Systems Ad,75045.08
1936,Audry,Rockingham,arockinghampz@liveinternet.ru,08-06-2021,General Ma,53209.83
1937,Merrel,Bleasdale,mbleasdaleq0@bbb.org,18-10-2021,Executive ,43053.44
1938,Kellen,Gimeno,kgimenoq1@reddit.com,28-10-2020,Clinical S,99434.87
1939,Jeromy,Brion,jbrionq2@rakuten.co.jp,23-02-2021,Media Mana,89689.41
1940,Teodorico,Pottle,tpottleq3@google.it,01-11-2020,Graphic De,54515.1
1941,Clem,Stanney,cstanneyq4@alibaba.com,29-12-2020,Payment Ad,85414.89
1942,Isabeau,De Vries,idevriesq5@bigcartel.com,11-01-2021,Geologist ,45604.67
1943,Kamilah,Tellenbach,ktellenbachq6@purevolume.com,27-06-2021,Electrical,81573.7
1944,Kelila,Gabey,kgabeyq7@yahoo.co.jp,30-11-2020,Accountant,56940.83
1945,Reeba,Wavish,rwavishq8@dailymail.co.uk,20-04-2021,Human Reso,75393.06
1946,Bernard,Westoll,bwestollq9@hibu.com,31-07-2021,Software C,95160.31
1947,Heinrick,McCathie,hmccathieqa@dailymail.co.uk,12-02-2021,Statistici,78414.25
1948,Ardis,Pardon,apardonqb@princeton.edu,11-08-2021,Biostatist,93878.32
1949,Cathrin,Craufurd,ccraufurdqc@amazonaws.com,15-03-2021,Clinical S,61728.86
1950,Karry,Swannick,kswannickqd@usa.gov,03-11-2020,Research N,51024.54
1951,Adrianne,Simononsky,asimononskyqe@theglobeandmail.com,02-11-2020,Director o,49203.84
1952,Maudie,Gobbett,mgobbettqf@dion.ne.jp,08-11-2020,Actuary,88719.17
1953,Xylia,Ogbourne,xogbourneqg@dyndns.org,02-08-2021,Financial ,77439.29
1954,Gabrielle,Behnen,gbehnenqh@bluehost.com,26-07-2021,Staff Scie,74569.49
1955,Patty,Dombrell,pdombrellqi@disqus.com,08-01-2021,Civil Engi,61265.78
1956,Tobey,Girodon,tgirodonqj@indiegogo.com,16-02-2021,Health Coa,90925.39
1957,Veronika,Fandrey,vfandreyqk@cam.ac.uk,05-06-2021,Chief Desi,86484.82
1958,Ephraim,Hoys,ehoysql@un.org,20-06-2021,Paralegal,76199.87
1959,Antoni,O'Fielly,aofiellyqm@nymag.com,05-03-2021,Speech Pat,77706.16
1960,Phil,Yardley,pyardleyqn@behance.net,31-08-2021,Environmen,75421.35
1961,Robena,Cecchi,rcecchiqo@sfgate.com,22-07-2021,Graphic De,62265.39
1962,Phylis,Faulkner,pfaulknerqp@usda.gov,13-09-2021,Financial ,68074.7
1963,Eberhard,Schruyer,eschruyerqq@microsoft.com,11-04-2021,Recruiter,75545.21
1964,Marve,Dunsmore,mdunsmoreqr@surveymonkey.com,13-06-2021,Health Coa,86693.35
1965,Tansy,Stonhard,tstonhardqs@opera.com,01-06-2021,Safety Tec,97937.62
1966,Darrel,Summerfield,dsummerfieldqt@ox.ac.uk,17-07-2021,GIS Techni,49966.09
1967,Cheri,Cockill,ccockillqu@nyu.edu,13-04-2021,Geological,83377.46
1968,Aurthur,Hardwich,ahardwichqv@yellowpages.com,06-12-2020,Senior Sal,54026.81
1969,Bard,Garrioch,bgarriochqw@zimbio.com,21-08-2021,Analog Cir,98561.09
1970,Tulley,Durdy,tdurdyqx@yale.edu,22-07-2021,Financial ,55340.04
1971,Pauli,Crooke,pcrookeqy@wunderground.com,09-12-2020,Sales Asso,56784.13
1972,Pincus,Audus,paudusqz@wired.com,08-12-2020,Associate ,86236.08
1973,Editha,Davers,edaversr0@timesonline.co.uk,20-06-2021,Cost Accou,49818.5
1974,Brannon,Wake,bwaker1@wix.com,05-04-2021,Programmer,96241.34
1975,Gracia,Batsford,gbatsfordr2@noaa.gov,05-04-2021,Health Coa,90584.7
1976,Adair,Gorce,agorcer3@facebook.com,26-09-2021,Accountant,68517.33
1977,Doris,Hobden,dhobdenr4@reuters.com,07-08-2021,Chemical E,45033.2
1978,Margit,Kave,mkaver5@vistaprint.com,10-10-2021,Senior Sal,96765.59
1979,Garret,De Giorgis,gdegiorgisr6@telegraph.co.uk,16-02-2021,VP Sales,56191.33
1980,Elmo,Scad,escadr7@gizmodo.com,28-02-2021,Desktop Su,85094.12
1981,Emelita,Mains,emainsr8@hatena.ne.jp,08-12-2020,Computer S,93019.09
1982,Filia,Sandes,fsandesr9@github.io,10-11-2020,Senior Sal,74518.44
1983,Shayla,Tieraney,stieraneyra@xinhuanet.com,31-03-2021,Senior Sal,97147.74
1984,Nessi,Prover,nproverrb@github.io,16-01-2021,Quality Co,99065.96
1985,Tedi,Jorge,tjorgerc@geocities.jp,08-04-2021,VP Quality,60584.77
1986,Kira,Leighfield,kleighfieldrd@shareasale.com,26-12-2020,Director o,88095.02
1987,Marten,Blockey,mblockeyre@archive.org,20-08-2021,Community ,49867.92
1988,Corabel,Woodson,cwoodsonrf@instagram.com,23-11-2020,Marketing ,64696.57
1989,Adolphus,Father,afatherrg@nsw.gov.au,18-07-2021,Senior Sal,41340.87
1990,Noemi,Clarae,nclaraerh@sohu.com,10-03-2021,Design Eng,80545.59
1991,Orland,Healings,ohealingsri@vinaora.com,12-11-2020,Nurse,79678.84
1992,Christie,Rutland,crutlandrj@home.pl,18-04-2021,Graphic De,86693.93
1993,Livvy,Orfeur,lorfeurrk@usnews.com,02-08-2021,Senior Fin,45520.54
1994,Latia,Lande,llanderl@exblog.jp,04-07-2021,Computer S,64742.67
1995,Jolyn,Stammer,jstammerrm@netvibes.com,08-08-2021,Marketing ,61996.28
1996,Gilberte,Dews,gdewsrn@google.co.uk,12-11-2020,Occupation,43533.92
1997,Mikey,Threlkeld,mthrelkeldro@joomla.org,02-02-2021,Compensati,73085.28
1998,Pattie,Pendleton,ppendletonrp@cyberchimps.com,27-12-2020,Sales Repr,79937.2
1999,Evvie,Artus,eartusrq@springer.com,13-06-2021,Registered,77777.16
2000,Norton,Lambirth,nlambirthrr@soup.io,04-01-2021,Clinical S,49184.0
